id_calidad,id_usuario,fecha_verificacion,hora_verificacion,temperatura_vehiculo
dd5b3fe3-161e-45f0-b37c-085507a824d6,b2c3d4e5-f6a7-5b6c-9d8e-0f1a2b3c4d5e,2025-06-16,06:13:17,4.93
e5e46845-f254-4396-b124-26e56d402d25,e5f6a7b8-c9d0-8e9f-1a2b-3c4d5e6f7a8b,2026-01-28,20:22:54,5.37
d3c32d91-9951-4df7-b857-7545c3ade2d2,c3d4e5f6-a7b8-6c7d-0e9f-1a2b3c4d5e6f,2025-12-13,19:34:27,3.46
b5d1a763-03bd-46c4-b839-058046697e88,e5f6a7b8-c9d0-8e9f-1a2b-3c4d5e6f7a8b,2025-09-28,14:28:28,3.12
529e7251-3a06-4c38-9e86-683db7b4411e,b2c3d4e5-f6a7-5b6c-9d8e-0f1a2b3c4d5e,2026-08-18,01:26:50,3.92
bf0cf1eb-1c46-4e99-b658-6c5900933022,d4e5f6a7-b8c9-7d8e-0f1a-2b3c4d5e6f7a,2026-04-23,02:17:39,3.36
8113dc17-7f92-450d-9f4c-bbe70034f2ab,b2c3d4e5-f6a7-5b6c-9d8e-0f1a2b3c4d5e,2025-08-23,21:55:04,5.62
7d070335-0bc7-4629-8c3c-be13e4438365,b2c3d4e5-f6a7-5b6c-9d8e-0f1a2b3c4d5e,2025-09-11,22:20:59,3.9
b766b79e-9c51-4386-9020-2672872c50e4,c3d4e5f6-a7b8-6c7d-0e9f-1a2b3c4d5e6f,2026-07-03,18:29:51,4.37
4e7912ac-75ca-4de7-9f30-fa22837cc1f1,a1b2c3d4-e5f6-4a5b-8c7d-9e0f1a2b3c4d,2026-11-24,05:28:19,5.99
8c59e527-5bbd-4c3f-905d-4dcac7e39166,b2c3d4e5-f6a7-5b6c-9d8e-0f1a2b3c4d5e,2025-11-13,03:24:27,4.57
5bcbe62c-d435-4b44-8c59-59dfe26736ea,b2c3d4e5-f6a7-5b6c-9d8e-0f1a2b3c4d5e,2025-04-29,01:21:53,5.01
a133ba26-2368-4ce2-b042-716320243c95,c3d4e5f6-a7b8-6c7d-0e9f-1a2b3c4d5e6f,2025-03-22,21:53:58,5.41
5d55296e-4445-41d5-8e4e-3fd290f3a020,c3d4e5f6-a7b8-6c7d-0e9f-1a2b3c4d5e6f,2026-12-22,02:58:00,6.31
85177ce4-ebe2-4d9a-a1d6-fe52e227a858,a1b2c3d4-e5f6-4a5b-8c7d-9e0f1a2b3c4d,2026-09-10,23:42:39,5.89
9c0aebef-4c87-49ae-83c4-90e82a3a84fd,c3d4e5f6-a7b8-6c7d-0e9f-1a2b3c4d5e6f,2025-10-06,06:29:54,3.3
532d0a5e-5d86-4c48-bbf8-bf951bd50a3d,a1b2c3d4-e5f6-4a5b-8c7d-9e0f1a2b3c4d,2025-09-30,19:32:33,3.37
93d69320-46d3-473f-8722-c839fa7b1d0d,c3d4e5f6-a7b8-6c7d-0e9f-1a2b3c4d5e6f,2026-12-15,17:03:51,6.99
d2561860-125e-40b0-8b02-bdabee8e4ec4,e5f6a7b8-c9d0-8e9f-1a2b-3c4d5e6f7a8b,2025-10-06,17:12:24,5.87
69b0f398-f4f8-4d1a-b9bf-63f7242489a5,b2c3d4e5-f6a7-5b6c-9d8e-0f1a2b3c4d5e,2026-04-15,20:59:32,4.92
11358884-0d3d-4649-9ef1-178694701c17,b2c3d4e5-f6a7-5b6c-9d8e-0f1a2b3c4d5e,2025-01-03,04:22:44,6.75
1a1cb6f3-5fd6-4aa1-a0db-d3c10a5168ac,d4e5f6a7-b8c9-7d8e-0f1a-2b3c4d5e6f7a,2026-11-04,19:16:50,4.82
80d60bb8-3afe-4e81-b3e3-aacb47faa48b,b2c3d4e5-f6a7-5b6c-9d8e-0f1a2b3c4d5e,2026-02-09,11:47:41,6.99
a2cb7e96-e7cc-49f9-94ff-e54fc608a428,a1b2c3d4-e5f6-4a5b-8c7d-9e0f1a2b3c4d,2026-11-09,17:40:34,3.97
8d669be4-0ff8-4209-9244-095bfbf9affb,e5f6a7b8-c9d0-8e9f-1a2b-3c4d5e6f7a8b,2026-10-25,21:34:01,4.38
dc1eda96-aea2-46b1-b420-ee4c328cd963,e5f6a7b8-c9d0-8e9f-1a2b-3c4d5e6f7a8b,2025-09-13,05:57:17,3.42
c1fb9d87-8160-43b4-ba88-1064186bebaf,b2c3d4e5-f6a7-5b6c-9d8e-0f1a2b3c4d5e,2025-10-18,21:53:12,6.36
90e4366e-f23e-47a4-a867-2a58b47d3afd,c3d4e5f6-a7b8-6c7d-0e9f-1a2b3c4d5e6f,2025-04-30,14:12:58,4.01
7d9467d1-cf11-4e4f-9324-3d3963c0fb67,d4e5f6a7-b8c9-7d8e-0f1a-2b3c4d5e6f7a,2025-03-12,09:01:13,6.24
62b14b6f-1153-4461-9b94-4557e5e51b2a,a1b2c3d4-e5f6-4a5b-8c7d-9e0f1a2b3c4d,2026-04-02,10:30:39,5.4
ae09081a-ba5c-4f89-bd40-5f51eccbce5b,c3d4e5f6-a7b8-6c7d-0e9f-1a2b3c4d5e6f,2025-06-07,14:22:15,6.47
4a473cfe-1ecb-408b-a313-c08da3f8f417,d4e5f6a7-b8c9-7d8e-0f1a-2b3c4d5e6f7a,2025-02-10,16:18:14,4.46
e5115497-e4b2-4e58-94e8-fda106821049,e5f6a7b8-c9d0-8e9f-1a2b-3c4d5e6f7a8b,2025-07-17,14:01:42,4.9
c4a3d50b-4af7-49bc-b2cf-2566415265cd,b2c3d4e5-f6a7-5b6c-9d8e-0f1a2b3c4d5e,2025-01-26,11:55:14,3.47
dfd66148-0869-47cd-8f4d-21fb0247305e,e5f6a7b8-c9d0-8e9f-1a2b-3c4d5e6f7a8b,2026-05-27,01:07:18,5.18
793bdeac-0d32-4385-9c1b-ad30e7a2f7e8,b2c3d4e5-f6a7-5b6c-9d8e-0f1a2b3c4d5e,2026-11-21,14:30:05,5.34
97eb45c8-c1d5-4c0c-9a32-59f00d68bfd6,c3d4e5f6-a7b8-6c7d-0e9f-1a2b3c4d5e6f,2025-11-07,14:46:48,3.75
bdac5957-2288-444a-9e88-04c58d02cfd4,b2c3d4e5-f6a7-5b6c-9d8e-0f1a2b3c4d5e,2025-08-05,23:02:00,3.5
72c6fd50-65d5-4004-919d-199c40742a4d,c3d4e5f6-a7b8-6c7d-0e9f-1a2b3c4d5e6f,2026-04-03,00:58:28,6.34
87d381b4-6057-48f7-bad6-7342228b6ac3,a1b2c3d4-e5f6-4a5b-8c7d-9e0f1a2b3c4d,2025-10-19,21:05:00,5.26
8892d732-235e-44e6-9b33-ee931e7f3271,b2c3d4e5-f6a7-5b6c-9d8e-0f1a2b3c4d5e,2025-10-27,10:41:20,5.89
ebdea3bd-a324-4db6-a220-c0903fa4eb1b,b2c3d4e5-f6a7-5b6c-9d8e-0f1a2b3c4d5e,2025-10-17,04:39:55,5.47
04880793-97ed-4b81-89dc-441281c0e2be,e5f6a7b8-c9d0-8e9f-1a2b-3c4d5e6f7a8b,2025-02-22,01:35:06,5.94
bf727a2c-cfd3-4a1c-8531-eb9601c71553,b2c3d4e5-f6a7-5b6c-9d8e-0f1a2b3c4d5e,2025-11-28,19:47:05,3.13
f62ee0df-b360-4c12-8030-34e4256e19e2,c3d4e5f6-a7b8-6c7d-0e9f-1a2b3c4d5e6f,2026-12-17,18:39:09,4.88
3a9f9050-4754-4e8f-b20f-4fccc0f90519,d4e5f6a7-b8c9-7d8e-0f1a-2b3c4d5e6f7a,2026-07-13,05:23:17,5.67
cec2ca79-77a2-4eda-aacf-802949acdf3b,b2c3d4e5-f6a7-5b6c-9d8e-0f1a2b3c4d5e,2026-07-27,21:17:16,3.05
4c47ec48-56f5-41a5-a4dc-afe35559cd85,a1b2c3d4-e5f6-4a5b-8c7d-9e0f1a2b3c4d,2025-07-27,05:01:36,4.43
dd785a5f-25ec-406f-9366-a4bb753f67fd,e5f6a7b8-c9d0-8e9f-1a2b-3c4d5e6f7a8b,2026-03-08,11:16:52,3.86
6595284e-0980-44d6-9e96-89f97b14666b,c3d4e5f6-a7b8-6c7d-0e9f-1a2b3c4d5e6f,2025-04-23,18:18:27,4.81
e39fde05-9526-4781-a5f3-c380014d7981,c3d4e5f6-a7b8-6c7d-0e9f-1a2b3c4d5e6f,2025-08-29,18:18:33,3.11
d8afcf51-ea7d-41d7-868f-ae72d6379b95,b2c3d4e5-f6a7-5b6c-9d8e-0f1a2b3c4d5e,2025-07-03,09:19:13,5.46
0e740f69-1025-4eca-aef0-7b0f0234644b,a1b2c3d4-e5f6-4a5b-8c7d-9e0f1a2b3c4d,2026-09-02,20:56:02,5.57
7fb2f987-b6e4-4465-9aaa-6cd648950b11,d4e5f6a7-b8c9-7d8e-0f1a-2b3c4d5e6f7a,2026-05-17,03:03:13,3.35
bcd30491-b2dc-4353-a2c2-a87571eb6ab1,b2c3d4e5-f6a7-5b6c-9d8e-0f1a2b3c4d5e,2026-11-15,00:36:14,6.1
b323d5ec-0e22-4346-a6a9-6a5a6368f088,b2c3d4e5-f6a7-5b6c-9d8e-0f1a2b3c4d5e,2026-09-29,11:23:48,3.17
0c487b78-a176-42b6-8f59-93b089f76d64,a1b2c3d4-e5f6-4a5b-8c7d-9e0f1a2b3c4d,2025-04-08,16:21:09,3.27
afcb2f04-946e-4f92-a826-8ee09ade9de1,e5f6a7b8-c9d0-8e9f-1a2b-3c4d5e6f7a8b,2026-09-28,05:14:51,5.11
1a0197d4-3b58-40c1-86cd-73b9a2e0f502,a1b2c3d4-e5f6-4a5b-8c7d-9e0f1a2b3c4d,2025-07-04,19:23:02,4.49
d382f6c8-e51b-417e-b55e-ffecb39db19a,c3d4e5f6-a7b8-6c7d-0e9f-1a2b3c4d5e6f,2025-01-20,17:19:00,6.68
0a187b03-83c0-4c48-bdd2-68986f684945,a1b2c3d4-e5f6-4a5b-8c7d-9e0f1a2b3c4d,2025-03-05,21:16:01,5.56
a048e4f4-967d-4fc5-9e28-b2c1fd0e7cc1,d4e5f6a7-b8c9-7d8e-0f1a-2b3c4d5e6f7a,2025-09-23,01:44:38,6.75
8514173b-4f71-471c-801a-86401c07dce2,c3d4e5f6-a7b8-6c7d-0e9f-1a2b3c4d5e6f,2026-09-27,00:06:39,5.85
d60dbf9e-f8d9-4341-9b42-06b0f4906041,c3d4e5f6-a7b8-6c7d-0e9f-1a2b3c4d5e6f,2025-01-02,02:54:21,6.14
0be8a92c-eefd-4c3c-afb6-f12686168779,d4e5f6a7-b8c9-7d8e-0f1a-2b3c4d5e6f7a,2026-02-18,06:13:26,6.98
69087e58-5254-4e72-bb4a-7abc34c51235,e5f6a7b8-c9d0-8e9f-1a2b-3c4d5e6f7a8b,2026-04-02,16:04:28,3.5
6a67e00c-b300-4edb-ad47-8fa503bdcb70,a1b2c3d4-e5f6-4a5b-8c7d-9e0f1a2b3c4d,2025-04-15,12:30:29,5.36
236a7ed5-ad9d-41e6-b101-5293f12958da,a1b2c3d4-e5f6-4a5b-8c7d-9e0f1a2b3c4d,2025-09-16,23:19:34,3.09
ec66e096-2b11-46fc-a7ef-480d5da2020a,d4e5f6a7-b8c9-7d8e-0f1a-2b3c4d5e6f7a,2025-06-12,20:12:51,5.36
f036bee2-bcda-492e-84d6-cca2e4ffaa9a,d4e5f6a7-b8c9-7d8e-0f1a-2b3c4d5e6f7a,2025-03-25,19:54:26,4.54
465e4a1e-2628-4df7-9fc6-fdd54a94d407,c3d4e5f6-a7b8-6c7d-0e9f-1a2b3c4d5e6f,2025-02-16,08:54:28,3.07
c3964ce3-6f8f-443b-b1a6-13319c4a343b,c3d4e5f6-a7b8-6c7d-0e9f-1a2b3c4d5e6f,2025-05-08,23:08:47,5.07
8f6536c6-814a-47f1-ac34-f8cb7ce39110,a1b2c3d4-e5f6-4a5b-8c7d-9e0f1a2b3c4d,2026-02-19,03:56:04,6.12
d0bd16a5-9fae-4ea3-89b5-f61cc001140a,a1b2c3d4-e5f6-4a5b-8c7d-9e0f1a2b3c4d,2025-11-01,14:08:22,6.35
48a16c67-a26e-4cd0-af26-331e2ef0cb24,e5f6a7b8-c9d0-8e9f-1a2b-3c4d5e6f7a8b,2026-11-12,11:44:48,5.37
dd4f0a2f-30f3-4275-b04f-adad3316ce09,e5f6a7b8-c9d0-8e9f-1a2b-3c4d5e6f7a8b,2025-11-23,06:53:29,6.43
8ac87e18-39d8-4348-bb03-91310d9c2ee6,e5f6a7b8-c9d0-8e9f-1a2b-3c4d5e6f7a8b,2025-03-26,23:51:05,4.1
867b3bf2-f83b-4c2f-8041-f3b13d5ba172,a1b2c3d4-e5f6-4a5b-8c7d-9e0f1a2b3c4d,2026-05-06,09:14:20,4.4
159eab1a-be26-4086-9b3a-2f673a3ba969,e5f6a7b8-c9d0-8e9f-1a2b-3c4d5e6f7a8b,2026-11-11,21:30:30,6.95
f9324538-bac1-4353-afbf-1ccf47d8911f,c3d4e5f6-a7b8-6c7d-0e9f-1a2b3c4d5e6f,2025-11-06,08:33:22,5.49
722e8f90-14a5-48d1-b19f-28a9b9e24e24,a1b2c3d4-e5f6-4a5b-8c7d-9e0f1a2b3c4d,2026-04-29,02:08:49,6.78
ad6bb000-b9e1-4a0b-bc89-446a043a7c8b,c3d4e5f6-a7b8-6c7d-0e9f-1a2b3c4d5e6f,2025-05-08,18:18:30,3.69
25b4e28a-09f5-4834-b7cc-720aaba8d2fe,d4e5f6a7-b8c9-7d8e-0f1a-2b3c4d5e6f7a,2026-09-24,04:44:09,4.32
cdd79511-642b-4d56-9dfd-050990ec59a3,c3d4e5f6-a7b8-6c7d-0e9f-1a2b3c4d5e6f,2026-03-31,11:16:03,3.27
4ac02666-f857-43c7-9500-55a4b8ab46df,e5f6a7b8-c9d0-8e9f-1a2b-3c4d5e6f7a8b,2025-11-06,06:50:00,3.36
a5770dbb-b6ca-4a84-808c-d8356c54f38c,a1b2c3d4-e5f6-4a5b-8c7d-9e0f1a2b3c4d,2026-05-08,07:00:28,6.96
a3969678-1a50-4ac1-b179-a1859fa52a3a,a1b2c3d4-e5f6-4a5b-8c7d-9e0f1a2b3c4d,2025-04-28,19:46:13,6.16
c5f4f137-bc88-4ea0-9f6e-3613f16d186d,a1b2c3d4-e5f6-4a5b-8c7d-9e0f1a2b3c4d,2025-02-21,06:15:06,5.68
9e07f9ec-4141-4fd0-993a-386ffeb59b4c,a1b2c3d4-e5f6-4a5b-8c7d-9e0f1a2b3c4d,2025-11-25,17:28:40,5.06
85d5fcd3-5e69-41d3-97b7-28569d15195e,c3d4e5f6-a7b8-6c7d-0e9f-1a2b3c4d5e6f,2025-03-20,04:58:31,4.79
a423382d-b416-4c93-96c6-ab188ac05c99,c3d4e5f6-a7b8-6c7d-0e9f-1a2b3c4d5e6f,2025-12-26,02:30:48,5.9
6a8f6a0a-8a09-4d4d-9f80-1ce52dc31ef2,c3d4e5f6-a7b8-6c7d-0e9f-1a2b3c4d5e6f,2026-04-24,12:00:48,4.23
59a30566-3c92-4585-8059-3a7860656a27,c3d4e5f6-a7b8-6c7d-0e9f-1a2b3c4d5e6f,2025-12-05,12:25:35,3.24
e312fd98-a8ad-4ac7-b6ed-e1186cf15134,c3d4e5f6-a7b8-6c7d-0e9f-1a2b3c4d5e6f,2026-07-21,14:39:53,4.35
ae63680c-3d78-4331-a237-f1b818dd835c,e5f6a7b8-c9d0-8e9f-1a2b-3c4d5e6f7a8b,2025-03-22,20:44:14,3.42
66f1ce29-8f6d-4713-a96c-3fbf5313ead9,b2c3d4e5-f6a7-5b6c-9d8e-0f1a2b3c4d5e,2026-02-28,19:12:03,5.0
f93a560d-4427-4cd0-bd64-3f1f836ed398,d4e5f6a7-b8c9-7d8e-0f1a-2b3c4d5e6f7a,2026-10-05,10:02:53,3.49
5fe2f7fb-3e76-4859-a3f5-b82d2bd6634a,b2c3d4e5-f6a7-5b6c-9d8e-0f1a2b3c4d5e,2026-06-27,14:23:18,3.43
7ecb54f9-ab92-4913-a0aa-c6dc69b1f284,d4e5f6a7-b8c9-7d8e-0f1a-2b3c4d5e6f7a,2025-09-14,10:44:39,5.45
64901c7a-ade9-4add-b36c-0eb1ed963ccb,a1b2c3d4-e5f6-4a5b-8c7d-9e0f1a2b3c4d,2025-12-22,08:11:41,3.13
23851818-8400-4775-b496-1a1819d7aa29,d4e5f6a7-b8c9-7d8e-0f1a-2b3c4d5e6f7a,2025-03-03,20:47:20,6.0
6a5c2521-75a2-43ba-b74b-0caac60f7298,b2c3d4e5-f6a7-5b6c-9d8e-0f1a2b3c4d5e,2026-11-16,20:14:07,3.94
79fb95a6-129f-4d13-be4f-235779a3caf3,e5f6a7b8-c9d0-8e9f-1a2b-3c4d5e6f7a8b,2025-04-02,03:36:22,5.91
edb1e323-ba38-4f58-922c-e1a3bbca4629,b2c3d4e5-f6a7-5b6c-9d8e-0f1a2b3c4d5e,2026-01-06,22:15:43,3.79
a520e071-951f-4b38-9af8-23de51d8b476,c3d4e5f6-a7b8-6c7d-0e9f-1a2b3c4d5e6f,2026-04-01,05:24:23,4.89
aad475d8-e489-4f7f-9b9d-4eb52f2419b2,e5f6a7b8-c9d0-8e9f-1a2b-3c4d5e6f7a8b,2025-04-17,15:58:37,6.71
c487bef3-023c-4bf4-a7df-50051f463244,e5f6a7b8-c9d0-8e9f-1a2b-3c4d5e6f7a8b,2026-02-15,19:51:59,5.36
19581712-97f3-4265-a153-f0f8bfdffabf,d4e5f6a7-b8c9-7d8e-0f1a-2b3c4d5e6f7a,2025-03-31,05:54:58,6.7
3f11ba4c-62fb-4074-8aaa-4b4d038159c1,b2c3d4e5-f6a7-5b6c-9d8e-0f1a2b3c4d5e,2026-07-19,19:01:58,6.43
7aae017d-686d-414e-9d9e-879b36305fce,e5f6a7b8-c9d0-8e9f-1a2b-3c4d5e6f7a8b,2025-01-03,14:57:55,6.8
a21e2e59-35e8-444c-8ef8-132c1f2c006b,e5f6a7b8-c9d0-8e9f-1a2b-3c4d5e6f7a8b,2025-05-25,06:38:57,4.4
69012aa7-e018-4bda-9dda-d44030a22c48,e5f6a7b8-c9d0-8e9f-1a2b-3c4d5e6f7a8b,2026-06-13,14:16:34,3.52
fd2d13d6-de44-411c-b912-f1279bdd447c,b2c3d4e5-f6a7-5b6c-9d8e-0f1a2b3c4d5e,2025-01-30,22:25:11,4.38
38dd6f76-b255-4b77-a74b-262dfe4ef85f,c3d4e5f6-a7b8-6c7d-0e9f-1a2b3c4d5e6f,2026-01-18,07:48:08,4.9
46aed81c-022b-4f60-a817-48788a42ff84,a1b2c3d4-e5f6-4a5b-8c7d-9e0f1a2b3c4d,2025-05-27,01:05:24,4.26
06ab5627-bb68-4411-950c-19614d9b02ad,c3d4e5f6-a7b8-6c7d-0e9f-1a2b3c4d5e6f,2025-10-16,13:33:49,5.14
3698e035-c1d1-43b1-8211-a89a11cf1889,d4e5f6a7-b8c9-7d8e-0f1a-2b3c4d5e6f7a,2025-10-22,02:17:03,5.89
06b0dea5-1b51-4811-99d1-b8db5167d7d1,e5f6a7b8-c9d0-8e9f-1a2b-3c4d5e6f7a8b,2026-11-20,23:57:17,4.67
eaf12629-f1c1-46c5-9a69-556f15d22f23,c3d4e5f6-a7b8-6c7d-0e9f-1a2b3c4d5e6f,2026-08-26,08:40:07,4.0
d26c1085-27b0-4ee7-a9d8-1e02a3ca3b11,e5f6a7b8-c9d0-8e9f-1a2b-3c4d5e6f7a8b,2026-11-11,04:34:42,4.91
16ddc646-fd7a-49b6-8772-cd0e1b0b0201,e5f6a7b8-c9d0-8e9f-1a2b-3c4d5e6f7a8b,2026-01-07,04:05:31,6.23
c9eb76f7-17f2-4672-90c5-e0d039932f80,c3d4e5f6-a7b8-6c7d-0e9f-1a2b3c4d5e6f,2025-06-19,19:20:27,4.87
e875a202-a121-45fd-9bca-632e209b2370,a1b2c3d4-e5f6-4a5b-8c7d-9e0f1a2b3c4d,2025-01-12,08:10:36,5.36
77fd1c2e-1b8d-43f0-95c0-2d8c97a56108,c3d4e5f6-a7b8-6c7d-0e9f-1a2b3c4d5e6f,2025-08-31,06:54:07,3.09
c231c592-be0b-474a-9067-94936eaf6cb0,a1b2c3d4-e5f6-4a5b-8c7d-9e0f1a2b3c4d,2026-04-21,20:18:05,4.18
fab54f44-dd14-425e-b500-1e8c9c60c012,d4e5f6a7-b8c9-7d8e-0f1a-2b3c4d5e6f7a,2025-11-12,03:13:21,5.06
48c08906-5b40-42bd-8e9a-4c0ca2222f01,d4e5f6a7-b8c9-7d8e-0f1a-2b3c4d5e6f7a,2025-06-30,18:44:09,3.59
2f7a4cb4-53e8-487d-9b48-771a86f6cf79,c3d4e5f6-a7b8-6c7d-0e9f-1a2b3c4d5e6f,2026-02-11,12:06:50,5.17
e2dc29ea-b37a-459c-a456-03e15d714db1,b2c3d4e5-f6a7-5b6c-9d8e-0f1a2b3c4d5e,2026-02-22,22:02:44,4.97
fe10eb19-dba7-4bec-a85e-e0e638c93b0a,a1b2c3d4-e5f6-4a5b-8c7d-9e0f1a2b3c4d,2026-04-19,19:52:28,5.13
b5c02e70-ef3d-422c-a72d-4f8220195e3d,d4e5f6a7-b8c9-7d8e-0f1a-2b3c4d5e6f7a,2026-10-10,15:55:49,3.73
99fbc0b6-7802-4830-afea-430d70288b17,c3d4e5f6-a7b8-6c7d-0e9f-1a2b3c4d5e6f,2026-05-29,22:00:38,4.06
10168aa4-c43a-4ed2-8c1d-424b507fda70,e5f6a7b8-c9d0-8e9f-1a2b-3c4d5e6f7a8b,2026-11-19,11:40:31,5.81
bba71e68-f2d1-499b-8451-940df5776056,b2c3d4e5-f6a7-5b6c-9d8e-0f1a2b3c4d5e,2025-10-31,16:14:10,6.7
c4efc511-015a-44f1-aa2c-b25df66e28ef,a1b2c3d4-e5f6-4a5b-8c7d-9e0f1a2b3c4d,2026-02-12,00:47:22,5.54
e6345d93-2916-45ae-8819-8cb1ea17a912,e5f6a7b8-c9d0-8e9f-1a2b-3c4d5e6f7a8b,2025-04-19,16:21:37,4.12
c66eb985-4654-450d-819b-e6302ded52a7,a1b2c3d4-e5f6-4a5b-8c7d-9e0f1a2b3c4d,2026-06-01,01:57:08,4.56
8a614a8a-e6ec-458e-9fa4-efff36e69f03,c3d4e5f6-a7b8-6c7d-0e9f-1a2b3c4d5e6f,2025-09-16,22:48:10,4.98
169f42f8-22dc-46b6-8dd9-f792502078a2,d4e5f6a7-b8c9-7d8e-0f1a-2b3c4d5e6f7a,2026-01-15,22:20:26,3.81
4a0a05cd-8a69-4a85-a68b-c0ca1adcd0db,c3d4e5f6-a7b8-6c7d-0e9f-1a2b3c4d5e6f,2026-12-03,22:15:30,3.81
c80a9ae0-58a1-4973-93d0-f3ed1fec81c0,a1b2c3d4-e5f6-4a5b-8c7d-9e0f1a2b3c4d,2025-10-06,03:39:05,3.55
5260b210-1559-482f-9ff6-f5ede01e7790,c3d4e5f6-a7b8-6c7d-0e9f-1a2b3c4d5e6f,2025-07-14,07:41:09,3.73
93273d59-d556-4fdd-84da-df4ea86fa675,b2c3d4e5-f6a7-5b6c-9d8e-0f1a2b3c4d5e,2025-03-02,03:58:45,5.51
f19d73a7-7225-48b9-9353-811af8ed95b2,d4e5f6a7-b8c9-7d8e-0f1a-2b3c4d5e6f7a,2025-06-04,19:21:04,5.27
2a7d7556-7714-4ebd-b448-40e1722fdca9,a1b2c3d4-e5f6-4a5b-8c7d-9e0f1a2b3c4d,2025-07-11,04:48:54,5.13
b93e727a-a1db-4662-aa7d-b2ad377ef497,a1b2c3d4-e5f6-4a5b-8c7d-9e0f1a2b3c4d,2026-01-20,10:32:48,6.62
142404de-ec56-4404-8487-881298941165,e5f6a7b8-c9d0-8e9f-1a2b-3c4d5e6f7a8b,2025-02-09,01:20:21,4.29
dddaae35-c2fb-44d9-9211-04ae3af85f08,a1b2c3d4-e5f6-4a5b-8c7d-9e0f1a2b3c4d,2026-11-04,21:55:30,6.77
a71dc976-daa1-43df-ac82-4a311dc1bb68,e5f6a7b8-c9d0-8e9f-1a2b-3c4d5e6f7a8b,2025-06-06,01:41:30,5.28
0dea180a-2351-4cea-9aeb-cf1ef7b8fbe7,c3d4e5f6-a7b8-6c7d-0e9f-1a2b3c4d5e6f,2026-02-08,03:24:59,6.36
46ec10fb-083e-45be-bff6-849acd57817d,d4e5f6a7-b8c9-7d8e-0f1a-2b3c4d5e6f7a,2025-10-08,12:58:55,4.51
945c5307-f7cb-469b-9f69-f1cef33b22be,c3d4e5f6-a7b8-6c7d-0e9f-1a2b3c4d5e6f,2025-03-29,02:21:28,4.76
f251b0a4-b6f9-4fb1-9305-a54dd421f9a4,b2c3d4e5-f6a7-5b6c-9d8e-0f1a2b3c4d5e,2026-02-01,19:32:54,5.61
ce91b494-7ac4-4cb8-a121-5a383d014b56,a1b2c3d4-e5f6-4a5b-8c7d-9e0f1a2b3c4d,2025-08-24,07:35:15,4.71
c7adf4ff-b3cf-4e45-b42b-25e5ecc4ed47,d4e5f6a7-b8c9-7d8e-0f1a-2b3c4d5e6f7a,2025-02-13,17:05:26,4.86
221c2dee-59e6-45d9-bea7-fbdfc5ad6ab8,e5f6a7b8-c9d0-8e9f-1a2b-3c4d5e6f7a8b,2025-02-21,12:26:02,6.07
071e3350-6abd-407b-bdf1-ef4f9734b587,b2c3d4e5-f6a7-5b6c-9d8e-0f1a2b3c4d5e,2026-08-13,07:29:32,4.27
61eff2f2-ad9e-4281-a806-ca55eb87a7e2,c3d4e5f6-a7b8-6c7d-0e9f-1a2b3c4d5e6f,2026-06-29,22:22:35,5.56
4f6dbc42-bc90-4a31-949d-529b2d1d447c,b2c3d4e5-f6a7-5b6c-9d8e-0f1a2b3c4d5e,2025-06-10,18:55:25,5.15
8300cd8d-2993-4a19-91ab-51878caa0d7d,a1b2c3d4-e5f6-4a5b-8c7d-9e0f1a2b3c4d,2026-11-13,04:23:57,4.95
f71630bf-f689-412f-96a5-8260e6b670fc,e5f6a7b8-c9d0-8e9f-1a2b-3c4d5e6f7a8b,2025-12-12,03:00:18,3.55
12ed09b4-b947-4f3d-b0be-191a216078ce,b2c3d4e5-f6a7-5b6c-9d8e-0f1a2b3c4d5e,2025-06-17,15:13:37,4.88
677aa924-aa5e-49db-82cd-15d8bd89b3e1,a1b2c3d4-e5f6-4a5b-8c7d-9e0f1a2b3c4d,2026-01-17,21:59:07,4.75
8ae7514e-6b50-40ad-9fd5-e3c2ff19f2c0,b2c3d4e5-f6a7-5b6c-9d8e-0f1a2b3c4d5e,2026-04-25,17:50:46,6.48
7afdce6d-bf3c-44ab-ab93-01f8846949be,d4e5f6a7-b8c9-7d8e-0f1a-2b3c4d5e6f7a,2026-09-22,19:37:50,6.87
31e7a66e-945e-42b1-a55f-44ccf8031e3a,b2c3d4e5-f6a7-5b6c-9d8e-0f1a2b3c4d5e,2025-02-06,04:10:14,4.65
1cf1b639-561e-4214-ab40-8e132a559d32,e5f6a7b8-c9d0-8e9f-1a2b-3c4d5e6f7a8b,2025-10-03,10:52:44,4.58
c26fffae-410a-4dce-92c3-3280fe262d59,d4e5f6a7-b8c9-7d8e-0f1a-2b3c4d5e6f7a,2026-11-06,21:45:41,5.92
137a3987-a492-4f15-8e47-e00f7a6b7dfa,a1b2c3d4-e5f6-4a5b-8c7d-9e0f1a2b3c4d,2026-06-18,03:15:57,5.7
8d7ba8cb-4bdd-4b3e-b9ec-cd01b115000d,e5f6a7b8-c9d0-8e9f-1a2b-3c4d5e6f7a8b,2025-03-10,16:25:58,5.71
960cdc15-c664-4a02-87d9-7c10d0068a96,e5f6a7b8-c9d0-8e9f-1a2b-3c4d5e6f7a8b,2025-12-29,00:16:44,5.18
6a0afad6-d4b8-49c2-99a1-7b2941d223e7,a1b2c3d4-e5f6-4a5b-8c7d-9e0f1a2b3c4d,2026-12-24,10:00:53,6.02
ec24a99e-6837-488a-ab51-07f3694d9ac0,b2c3d4e5-f6a7-5b6c-9d8e-0f1a2b3c4d5e,2025-04-27,09:08:00,6.48
178a9515-f821-42ae-930d-bba53a9332b1,b2c3d4e5-f6a7-5b6c-9d8e-0f1a2b3c4d5e,2026-09-04,14:49:05,6.8
3e8a1ffa-0d73-4b5f-9591-9aacf4b08b72,a1b2c3d4-e5f6-4a5b-8c7d-9e0f1a2b3c4d,2025-02-11,22:30:02,4.39
9b3df6a8-7148-4030-84b1-e27ebe5705a3,c3d4e5f6-a7b8-6c7d-0e9f-1a2b3c4d5e6f,2026-01-05,21:04:52,6.51
d0d91e33-7e06-4c7a-b6cd-0b7af89023df,a1b2c3d4-e5f6-4a5b-8c7d-9e0f1a2b3c4d,2026-04-25,19:22:07,4.86
16712252-cd29-4b63-8313-f855db8f169f,b2c3d4e5-f6a7-5b6c-9d8e-0f1a2b3c4d5e,2025-06-13,23:16:33,6.27
2239b473-9dbc-4e16-bd90-89053d19c184,c3d4e5f6-a7b8-6c7d-0e9f-1a2b3c4d5e6f,2026-05-17,00:22:05,6.84
e3fb5385-07f3-430d-be8d-b9f208e23f6f,a1b2c3d4-e5f6-4a5b-8c7d-9e0f1a2b3c4d,2025-09-07,06:15:24,4.69
ca399fa6-944b-48c5-b895-bbf57d686349,e5f6a7b8-c9d0-8e9f-1a2b-3c4d5e6f7a8b,2025-02-13,17:35:58,3.41
3ec169e3-ef95-4076-b074-bd86f26e8c21,a1b2c3d4-e5f6-4a5b-8c7d-9e0f1a2b3c4d,2025-12-11,04:06:24,4.28
0aac0ab9-55bf-4a1d-a994-fe18921531d7,e5f6a7b8-c9d0-8e9f-1a2b-3c4d5e6f7a8b,2025-12-07,01:23:58,5.28
9f0888b1-2895-460b-813a-119e9a04e0e1,d4e5f6a7-b8c9-7d8e-0f1a-2b3c4d5e6f7a,2026-03-28,22:50:52,6.65
8d60b860-74df-4d79-8095-9d370ebba0a6,b2c3d4e5-f6a7-5b6c-9d8e-0f1a2b3c4d5e,2026-06-21,02:24:40,3.25
3b7579d6-ccf1-4c58-bbae-0b9803adb83d,d4e5f6a7-b8c9-7d8e-0f1a-2b3c4d5e6f7a,2026-01-05,19:28:11,4.14
a46d8d86-5fe3-429d-9b25-243e3744906f,c3d4e5f6-a7b8-6c7d-0e9f-1a2b3c4d5e6f,2025-04-10,03:41:40,4.43
b05d6ac4-22c0-4f15-95de-506461bbd26d,e5f6a7b8-c9d0-8e9f-1a2b-3c4d5e6f7a8b,2026-10-31,23:53:43,3.96
8908c814-9f6e-4da7-92e2-a126e3e073f9,c3d4e5f6-a7b8-6c7d-0e9f-1a2b3c4d5e6f,2025-03-05,04:32:48,6.32
e0b897bd-aeec-41b1-b690-4345d8bf3215,c3d4e5f6-a7b8-6c7d-0e9f-1a2b3c4d5e6f,2025-11-25,15:11:34,6.32
7941b720-a489-4fc2-bd12-ab82f655df1e,b2c3d4e5-f6a7-5b6c-9d8e-0f1a2b3c4d5e,2025-01-13,14:07:38,4.06
06fd22c8-9e80-452d-ace1-c271035825c7,e5f6a7b8-c9d0-8e9f-1a2b-3c4d5e6f7a8b,2025-08-24,18:09:07,6.63
a3b77d7a-15ca-4ddb-b190-7b4073321134,e5f6a7b8-c9d0-8e9f-1a2b-3c4d5e6f7a8b,2026-04-21,20:35:46,5.16
3fdd8c8c-3a79-409c-9e4d-03e7d48019b0,a1b2c3d4-e5f6-4a5b-8c7d-9e0f1a2b3c4d,2025-10-30,02:15:09,6.96
d101e6c0-c6aa-4029-92ed-be32548123a6,c3d4e5f6-a7b8-6c7d-0e9f-1a2b3c4d5e6f,2026-08-17,18:30:07,4.19
93137629-ff47-401b-b494-7317c8d98d3e,c3d4e5f6-a7b8-6c7d-0e9f-1a2b3c4d5e6f,2026-12-16,07:11:40,3.61
96195570-1b51-4a7d-89a1-2c5082cc401b,c3d4e5f6-a7b8-6c7d-0e9f-1a2b3c4d5e6f,2026-03-13,01:29:47,5.57
54aee449-2e54-45af-8137-4d0ace9f1800,b2c3d4e5-f6a7-5b6c-9d8e-0f1a2b3c4d5e,2025-11-29,11:17:54,4.08
6a6848ff-46ad-4b19-92b7-2ff344e8be91,c3d4e5f6-a7b8-6c7d-0e9f-1a2b3c4d5e6f,2025-07-13,11:53:11,4.59
7971484a-724c-4ee0-86d0-de022616f310,d4e5f6a7-b8c9-7d8e-0f1a-2b3c4d5e6f7a,2025-04-23,18:46:21,5.88
bcf79c72-1df1-4f5d-8789-45e831849d34,e5f6a7b8-c9d0-8e9f-1a2b-3c4d5e6f7a8b,2025-12-19,23:37:50,6.47
63f508a3-0eda-484c-848a-9f38b7ce402b,c3d4e5f6-a7b8-6c7d-0e9f-1a2b3c4d5e6f,2025-06-16,14:39:46,4.38
35a2a4f6-bd42-486c-8e5b-2fd93e74b4d6,c3d4e5f6-a7b8-6c7d-0e9f-1a2b3c4d5e6f,2026-02-01,18:00:50,3.6
6b5374b3-8e80-46eb-919b-7fd12b992219,e5f6a7b8-c9d0-8e9f-1a2b-3c4d5e6f7a8b,2026-11-13,13:00:51,4.03
f1ef94e1-2023-4710-98ae-e391819f42fe,e5f6a7b8-c9d0-8e9f-1a2b-3c4d5e6f7a8b,2025-02-13,22:25:59,6.4
3e912846-1a09-47a8-bab5-b993763e0c99,a1b2c3d4-e5f6-4a5b-8c7d-9e0f1a2b3c4d,2026-01-04,22:38:38,6.26
3c948962-fa43-42c7-b0e7-484252cc9cce,a1b2c3d4-e5f6-4a5b-8c7d-9e0f1a2b3c4d,2026-02-08,12:10:58,4.85
46c5f6e3-3a6d-4cb9-8176-22734053ca51,e5f6a7b8-c9d0-8e9f-1a2b-3c4d5e6f7a8b,2026-12-11,02:40:50,5.04
910d8373-dd39-4191-8ad7-9e7ee49d4e7f,d4e5f6a7-b8c9-7d8e-0f1a-2b3c4d5e6f7a,2025-08-10,01:53:46,4.87
cd32778c-fe17-4554-80f4-e683d9764f5e,b2c3d4e5-f6a7-5b6c-9d8e-0f1a2b3c4d5e,2025-12-20,09:46:22,4.55
3ebaa530-633e-4903-bf51-ec822ddb6a77,c3d4e5f6-a7b8-6c7d-0e9f-1a2b3c4d5e6f,2025-06-05,16:15:23,3.99
e0dbcc68-1f80-4951-8dda-9fe1049403a5,d4e5f6a7-b8c9-7d8e-0f1a-2b3c4d5e6f7a,2025-10-08,08:09:09,4.98
77e50490-e8d6-46d6-9bbb-e78ec8c9fb83,d4e5f6a7-b8c9-7d8e-0f1a-2b3c4d5e6f7a,2025-06-11,20:38:01,3.86
6b76aec5-4d82-4221-987b-388bc4bdca12,d4e5f6a7-b8c9-7d8e-0f1a-2b3c4d5e6f7a,2025-12-15,21:59:34,4.86
737f583b-6845-4f9b-88b2-63d881df9883,a1b2c3d4-e5f6-4a5b-8c7d-9e0f1a2b3c4d,2026-12-17,14:16:44,3.79
5e9f5c08-b0cf-4dd7-b2d2-32838365ea0d,d4e5f6a7-b8c9-7d8e-0f1a-2b3c4d5e6f7a,2026-04-21,10:05:19,4.08
f5b05b01-7215-4afb-afe4-2f4654d7180c,e5f6a7b8-c9d0-8e9f-1a2b-3c4d5e6f7a8b,2025-06-19,06:33:43,5.87
2a9732de-97b1-4240-a0e1-228e4fff16a8,c3d4e5f6-a7b8-6c7d-0e9f-1a2b3c4d5e6f,2026-03-13,15:13:43,4.01
7f0f0b7d-5e94-48fc-98a2-d4e8aab0c886,c3d4e5f6-a7b8-6c7d-0e9f-1a2b3c4d5e6f,2025-03-26,20:44:07,3.46
92d7a698-8ab7-46df-8f83-3bb1870ae26e,a1b2c3d4-e5f6-4a5b-8c7d-9e0f1a2b3c4d,2025-11-04,17:31:19,5.21
cebf5e33-42a8-4354-8bd9-6064815ce8b3,e5f6a7b8-c9d0-8e9f-1a2b-3c4d5e6f7a8b,2026-01-18,01:14:02,3.77
5fd221b6-a48d-4d47-bf67-845190877489,e5f6a7b8-c9d0-8e9f-1a2b-3c4d5e6f7a8b,2026-07-30,13:22:31,3.59
e66dbd38-b351-45cc-a888-0760d2f999d4,a1b2c3d4-e5f6-4a5b-8c7d-9e0f1a2b3c4d,2026-01-23,23:24:24,6.77
37e2acbe-41ba-45e2-be7a-57162e85e3eb,b2c3d4e5-f6a7-5b6c-9d8e-0f1a2b3c4d5e,2025-06-29,22:09:47,6.45
736e3f1c-1771-45ad-bdf4-c390d0bb6b7b,a1b2c3d4-e5f6-4a5b-8c7d-9e0f1a2b3c4d,2025-11-25,06:49:07,5.15
258e65cf-4292-4f16-a6ee-a8b14417f049,d4e5f6a7-b8c9-7d8e-0f1a-2b3c4d5e6f7a,2025-05-14,21:39:38,3.44
c8aebe7d-6c64-4570-932d-7e85828bb1b2,e5f6a7b8-c9d0-8e9f-1a2b-3c4d5e6f7a8b,2025-10-05,23:27:52,6.25
e68c7244-06e6-4e2d-9cbf-cd84e0ccbcb7,e5f6a7b8-c9d0-8e9f-1a2b-3c4d5e6f7a8b,2025-07-19,02:02:32,5.94
2099d19a-3930-4123-9b8d-bb8d6385eec4,a1b2c3d4-e5f6-4a5b-8c7d-9e0f1a2b3c4d,2025-06-29,11:02:29,4.01
0eae9eb9-198e-41e3-8336-7fd55f95287c,c3d4e5f6-a7b8-6c7d-0e9f-1a2b3c4d5e6f,2025-02-12,07:05:05,5.47
d992df21-3827-43ea-b5fd-c4a41e8a3d2b,c3d4e5f6-a7b8-6c7d-0e9f-1a2b3c4d5e6f,2026-03-20,00:27:43,4.89
e71ef966-adb9-411f-905f-4ee8605e33d0,c3d4e5f6-a7b8-6c7d-0e9f-1a2b3c4d5e6f,2026-08-04,10:01:02,3.25
7c8b4a8c-72ae-44e7-9537-16c0a753d38a,e5f6a7b8-c9d0-8e9f-1a2b-3c4d5e6f7a8b,2025-09-18,13:58:04,4.88
dc4653e9-3176-4644-be4e-88868122403d,e5f6a7b8-c9d0-8e9f-1a2b-3c4d5e6f7a8b,2026-07-19,01:15:53,4.01
5abb75e3-738d-4a9a-aaf8-8f5f73f45b73,c3d4e5f6-a7b8-6c7d-0e9f-1a2b3c4d5e6f,2026-03-30,13:32:53,3.91
0be7fd06-5ea2-48e3-b8ad-cea5ea029630,e5f6a7b8-c9d0-8e9f-1a2b-3c4d5e6f7a8b,2025-06-16,17:08:04,4.62
6e50ceba-3464-492e-9b99-2230a28e1ead,e5f6a7b8-c9d0-8e9f-1a2b-3c4d5e6f7a8b,2026-04-06,19:05:54,6.75
32b606a9-078b-4bfe-9918-81217b87d577,b2c3d4e5-f6a7-5b6c-9d8e-0f1a2b3c4d5e,2025-09-20,16:49:27,6.69
f6643672-5406-4e08-be16-a53b690f3247,e5f6a7b8-c9d0-8e9f-1a2b-3c4d5e6f7a8b,2025-02-26,11:56:52,4.47
5d14818f-3b9b-4caf-89f7-a7e41e9a9e21,d4e5f6a7-b8c9-7d8e-0f1a-2b3c4d5e6f7a,2025-01-02,22:35:40,4.5
7bde2a1d-e836-4f2a-8138-ecb9d947600a,a1b2c3d4-e5f6-4a5b-8c7d-9e0f1a2b3c4d,2026-08-21,20:30:16,5.72
2f74a8a7-cdd4-484c-9151-57698c16fb00,d4e5f6a7-b8c9-7d8e-0f1a-2b3c4d5e6f7a,2025-06-11,23:55:00,4.58
055c7f9b-a116-4df8-ac13-82257c549d84,a1b2c3d4-e5f6-4a5b-8c7d-9e0f1a2b3c4d,2026-01-10,14:30:02,5.92
7d21912e-1774-4e19-a3a5-e9be8c2f7d5e,c3d4e5f6-a7b8-6c7d-0e9f-1a2b3c4d5e6f,2026-12-11,16:55:18,4.48
836a09cd-9c3b-4871-839b-8aaac24f12cc,d4e5f6a7-b8c9-7d8e-0f1a-2b3c4d5e6f7a,2026-08-12,23:29:50,3.94
0c79eabf-dd75-4c19-b7ca-40c7ea5f1c50,d4e5f6a7-b8c9-7d8e-0f1a-2b3c4d5e6f7a,2025-07-31,03:34:06,3.15
c252f747-a731-4a2c-8fe7-ff274580dc6e,a1b2c3d4-e5f6-4a5b-8c7d-9e0f1a2b3c4d,2025-06-14,12:41:42,5.24
2775001e-661e-444b-ae91-077f3161f39b,a1b2c3d4-e5f6-4a5b-8c7d-9e0f1a2b3c4d,2025-04-25,08:18:53,6.98
3e52a203-b631-4d7f-ac79-582ca782b5b7,d4e5f6a7-b8c9-7d8e-0f1a-2b3c4d5e6f7a,2025-10-23,23:31:48,3.87
0b36e8e9-40bf-4539-8e2d-b8abc488eb13,a1b2c3d4-e5f6-4a5b-8c7d-9e0f1a2b3c4d,2026-05-20,16:13:19,3.31
0b3bf7ae-c7b2-4268-9cb0-308fb3c6ba20,b2c3d4e5-f6a7-5b6c-9d8e-0f1a2b3c4d5e,2026-09-18,08:15:15,6.35
8c735d7f-eca4-4d93-8316-c9a774ad5f2c,e5f6a7b8-c9d0-8e9f-1a2b-3c4d5e6f7a8b,2025-09-04,05:44:28,3.65
4a7a2780-7775-4be7-8ec6-d679863ac760,a1b2c3d4-e5f6-4a5b-8c7d-9e0f1a2b3c4d,2026-07-20,07:13:49,4.49
036cd428-4b8f-493d-a000-b182945b5c59,e5f6a7b8-c9d0-8e9f-1a2b-3c4d5e6f7a8b,2025-05-06,20:44:57,3.26
aad66cea-f548-4fa1-826d-a0ad54a87cd0,c3d4e5f6-a7b8-6c7d-0e9f-1a2b3c4d5e6f,2025-06-13,15:08:34,4.44
b43a744d-7e56-4275-8c85-cff600b78c7c,d4e5f6a7-b8c9-7d8e-0f1a-2b3c4d5e6f7a,2026-05-25,18:22:17,4.35
4e1949bb-762f-4bb7-b10e-23e14c050eb0,e5f6a7b8-c9d0-8e9f-1a2b-3c4d5e6f7a8b,2025-09-27,20:07:27,3.38
2a41a2e2-3d72-426a-8c4e-a6f7de1ab5c6,c3d4e5f6-a7b8-6c7d-0e9f-1a2b3c4d5e6f,2026-11-16,23:13:58,3.58
83517fb0-e3ff-4d3f-b469-745880e64dea,c3d4e5f6-a7b8-6c7d-0e9f-1a2b3c4d5e6f,2026-12-16,02:25:17,3.39
5b9d085c-757c-4c95-adf8-2d6e7e8600ff,a1b2c3d4-e5f6-4a5b-8c7d-9e0f1a2b3c4d,2026-05-20,05:38:33,6.65
b68dc8c5-abd9-41f2-a1be-db03a77f0130,a1b2c3d4-e5f6-4a5b-8c7d-9e0f1a2b3c4d,2025-06-07,20:23:11,3.8
233528a4-9f0a-4af0-8bc2-cdd21ad81239,d4e5f6a7-b8c9-7d8e-0f1a-2b3c4d5e6f7a,2025-11-02,05:24:00,6.82
db5a2931-ce55-4ea1-be8d-eb2dc9521a8e,d4e5f6a7-b8c9-7d8e-0f1a-2b3c4d5e6f7a,2025-01-15,05:51:16,3.56
b21a8387-7fc8-4ec9-9770-5b6c78e727f4,b2c3d4e5-f6a7-5b6c-9d8e-0f1a2b3c4d5e,2025-01-07,02:29:28,4.38
8a333c50-1816-4245-b410-202863a1b264,e5f6a7b8-c9d0-8e9f-1a2b-3c4d5e6f7a8b,2026-08-06,04:24:52,4.72
0130d9ee-6ba2-473d-9c75-f27c72295496,a1b2c3d4-e5f6-4a5b-8c7d-9e0f1a2b3c4d,2026-03-05,03:24:09,4.73
6c5747d4-8f48-4333-828e-5cbd6a87b689,c3d4e5f6-a7b8-6c7d-0e9f-1a2b3c4d5e6f,2026-02-04,20:17:45,5.96
d3d6eaeb-67ab-4696-acd8-c5a2937e5d12,b2c3d4e5-f6a7-5b6c-9d8e-0f1a2b3c4d5e,2025-01-22,08:26:40,3.06
8d2ebef4-4415-4ddb-9d38-885477df6222,a1b2c3d4-e5f6-4a5b-8c7d-9e0f1a2b3c4d,2026-02-28,15:54:16,5.6
f1c21ff5-f80e-4ce4-82f5-ff2588d581ac,e5f6a7b8-c9d0-8e9f-1a2b-3c4d5e6f7a8b,2025-03-13,18:10:38,3.2
5470372d-3531-4bc4-a047-5a327bfb204d,a1b2c3d4-e5f6-4a5b-8c7d-9e0f1a2b3c4d,2025-07-11,17:14:58,4.42
0bee9e63-6ee3-4ee9-a7d0-b71f74560adc,a1b2c3d4-e5f6-4a5b-8c7d-9e0f1a2b3c4d,2026-10-13,23:27:21,3.17
561e5f1b-a97d-4663-9c12-7828b6bd3871,d4e5f6a7-b8c9-7d8e-0f1a-2b3c4d5e6f7a,2026-11-04,03:55:09,6.65
74b187ea-9afe-4a50-a418-4d25da977f3a,d4e5f6a7-b8c9-7d8e-0f1a-2b3c4d5e6f7a,2026-08-23,15:31:06,3.66
918057c1-b884-4157-ab6b-bad1b0bc95c0,e5f6a7b8-c9d0-8e9f-1a2b-3c4d5e6f7a8b,2025-05-25,06:23:21,6.44
bf6da417-5993-4c07-a257-a11fe7135a8a,b2c3d4e5-f6a7-5b6c-9d8e-0f1a2b3c4d5e,2025-09-07,01:02:15,5.43
554fe17f-b716-4bda-b32d-2aff111f278a,a1b2c3d4-e5f6-4a5b-8c7d-9e0f1a2b3c4d,2025-03-06,19:39:27,4.28
d8948558-b258-4e27-abab-5fddce5ea3b6,a1b2c3d4-e5f6-4a5b-8c7d-9e0f1a2b3c4d,2026-02-19,11:03:43,5.23
742cbb7b-7440-4e6f-93a8-bcf42f0ea8e8,c3d4e5f6-a7b8-6c7d-0e9f-1a2b3c4d5e6f,2025-07-08,12:44:17,3.55
f715ccc0-c436-427d-875a-b31685592f85,b2c3d4e5-f6a7-5b6c-9d8e-0f1a2b3c4d5e,2025-03-09,15:52:54,6.33
9b659a01-e5bb-435c-96e1-4b180ee12692,c3d4e5f6-a7b8-6c7d-0e9f-1a2b3c4d5e6f,2026-09-14,08:17:35,3.01
89bfdc37-914c-4f95-8431-ed133bd56c6c,a1b2c3d4-e5f6-4a5b-8c7d-9e0f1a2b3c4d,2026-06-14,09:29:06,6.4
8a70a309-ab4b-4958-addb-e83f58ac4dce,d4e5f6a7-b8c9-7d8e-0f1a-2b3c4d5e6f7a,2025-07-07,22:16:41,3.16
5d1ca3bf-8413-4c99-b6d2-4acb48a268ec,c3d4e5f6-a7b8-6c7d-0e9f-1a2b3c4d5e6f,2026-10-03,11:15:39,5.67
8c9837bd-8773-4f43-987b-a8f631327cd1,b2c3d4e5-f6a7-5b6c-9d8e-0f1a2b3c4d5e,2026-07-26,15:36:25,6.91
d8f53ca8-f478-4701-952f-1ea8b36468eb,e5f6a7b8-c9d0-8e9f-1a2b-3c4d5e6f7a8b,2026-06-16,18:58:21,3.16
d1e26d68-3a05-46d5-8047-3585835dcf6f,c3d4e5f6-a7b8-6c7d-0e9f-1a2b3c4d5e6f,2025-05-12,20:43:30,4.13
df64f3fc-44ea-4f8a-bb2c-d928135101a5,b2c3d4e5-f6a7-5b6c-9d8e-0f1a2b3c4d5e,2025-08-18,16:43:03,3.72
0526ee2c-9918-421e-af6e-f6948cbaaf15,d4e5f6a7-b8c9-7d8e-0f1a-2b3c4d5e6f7a,2025-10-08,00:31:58,5.92
57dadd82-c5c3-4db4-a10a-e69f0a9a916e,d4e5f6a7-b8c9-7d8e-0f1a-2b3c4d5e6f7a,2026-04-26,23:21:58,4.69
f3029d4d-b119-4996-b65f-ae78fb6ff2f8,a1b2c3d4-e5f6-4a5b-8c7d-9e0f1a2b3c4d,2026-09-29,17:52:18,3.82
701d8a4b-17ab-446f-aa3d-4f82d83039d6,b2c3d4e5-f6a7-5b6c-9d8e-0f1a2b3c4d5e,2025-12-25,14:45:52,5.01
3e1e7cf7-d81a-448e-8caa-d93f564b48d4,d4e5f6a7-b8c9-7d8e-0f1a-2b3c4d5e6f7a,2026-05-31,13:06:26,6.23
1605655a-c556-4232-b231-5b3d0b577f44,e5f6a7b8-c9d0-8e9f-1a2b-3c4d5e6f7a8b,2026-08-29,06:24:13,3.89
95b10ee3-edf2-471e-821f-516c63548fd3,b2c3d4e5-f6a7-5b6c-9d8e-0f1a2b3c4d5e,2026-02-24,14:52:05,6.99
003c38d0-b000-4543-bc20-e3e9cf416297,a1b2c3d4-e5f6-4a5b-8c7d-9e0f1a2b3c4d,2026-07-22,01:36:24,4.35
cbd6e724-20ff-4ecb-9190-42698450d0b1,b2c3d4e5-f6a7-5b6c-9d8e-0f1a2b3c4d5e,2026-06-13,03:21:22,6.61
310bdee3-1067-4f9b-977a-0a0dbb0d8034,b2c3d4e5-f6a7-5b6c-9d8e-0f1a2b3c4d5e,2025-03-22,16:53:34,4.26
8d54bd56-58d2-4664-9918-4d392a8866c3,e5f6a7b8-c9d0-8e9f-1a2b-3c4d5e6f7a8b,2026-11-30,12:42:05,6.9
a89f4c43-bbd9-428d-838a-5982ed542eca,e5f6a7b8-c9d0-8e9f-1a2b-3c4d5e6f7a8b,2026-07-17,18:42:20,4.2
4d708914-be5a-479d-b718-06623b049f4c,b2c3d4e5-f6a7-5b6c-9d8e-0f1a2b3c4d5e,2025-10-31,07:11:22,5.13
95fa0fb0-b2c8-4a34-a67a-cc9e04c0026e,d4e5f6a7-b8c9-7d8e-0f1a-2b3c4d5e6f7a,2026-05-24,12:13:00,5.31
660b823d-d6e1-40f1-a166-1cb6d04354b7,e5f6a7b8-c9d0-8e9f-1a2b-3c4d5e6f7a8b,2025-08-15,03:20:35,4.04
7f54c9a9-ab51-4f4c-93c9-7bab7683526e,a1b2c3d4-e5f6-4a5b-8c7d-9e0f1a2b3c4d,2025-10-29,22:12:07,6.49
40936eef-74ec-4baf-86ae-efa2466a76de,e5f6a7b8-c9d0-8e9f-1a2b-3c4d5e6f7a8b,2025-10-08,04:16:08,4.7
20d48b1c-0911-4ed0-aa46-5b01085b9d70,a1b2c3d4-e5f6-4a5b-8c7d-9e0f1a2b3c4d,2025-02-02,14:49:06,5.75
35daf94b-66d5-4560-b47e-2e590c8f9106,e5f6a7b8-c9d0-8e9f-1a2b-3c4d5e6f7a8b,2026-03-21,22:30:21,6.27
464f0a9a-dbc6-4f83-be4d-60cf8647a563,b2c3d4e5-f6a7-5b6c-9d8e-0f1a2b3c4d5e,2025-06-13,08:51:30,3.74
9c3cfdbc-626e-4965-8464-de2f497722fb,b2c3d4e5-f6a7-5b6c-9d8e-0f1a2b3c4d5e,2025-04-21,13:23:55,6.2
6a0a1274-1f45-47bb-b89a-3e458f06e5a1,e5f6a7b8-c9d0-8e9f-1a2b-3c4d5e6f7a8b,2025-03-09,15:00:06,5.64
a7cc358d-0abe-42a4-abed-19c7cdd0c202,b2c3d4e5-f6a7-5b6c-9d8e-0f1a2b3c4d5e,2025-03-14,14:13:56,5.54
ea004be5-a2f1-4525-a037-8639777d1ca0,d4e5f6a7-b8c9-7d8e-0f1a-2b3c4d5e6f7a,2026-10-07,10:45:01,6.06
cc975d85-9a1e-4315-9818-4090a0536893,b2c3d4e5-f6a7-5b6c-9d8e-0f1a2b3c4d5e,2025-10-05,12:41:35,3.24
8fb88ddf-7b93-40cb-a6f2-b07639a86dce,c3d4e5f6-a7b8-6c7d-0e9f-1a2b3c4d5e6f,2025-08-18,21:48:49,5.33
f6a3f900-2b8e-4df4-b796-9a6c2f0a32f7,e5f6a7b8-c9d0-8e9f-1a2b-3c4d5e6f7a8b,2026-10-30,10:04:11,3.95
79cf1d8c-917e-4da1-9ef0-8aeb5d03a26a,a1b2c3d4-e5f6-4a5b-8c7d-9e0f1a2b3c4d,2025-08-01,15:50:02,4.4
6317ef08-1fc2-49e1-b6af-a8748fcf2d0f,d4e5f6a7-b8c9-7d8e-0f1a-2b3c4d5e6f7a,2025-02-09,11:24:28,6.76
b3717508-6e10-4a3d-b2e2-8e028185527d,d4e5f6a7-b8c9-7d8e-0f1a-2b3c4d5e6f7a,2026-05-31,08:29:22,3.54
10dfe64d-ba92-42d9-a08a-bfa1c5a00768,a1b2c3d4-e5f6-4a5b-8c7d-9e0f1a2b3c4d,2026-09-17,11:11:32,5.51
0f668b65-976e-4dc1-b60d-05592d686248,d4e5f6a7-b8c9-7d8e-0f1a-2b3c4d5e6f7a,2025-06-28,01:46:43,3.0
a1a67f83-4833-4c5a-b941-668cc5001885,b2c3d4e5-f6a7-5b6c-9d8e-0f1a2b3c4d5e,2025-07-24,19:46:28,6.79
bf14f731-4f5e-47df-984d-70f25bb3242c,e5f6a7b8-c9d0-8e9f-1a2b-3c4d5e6f7a8b,2025-01-26,03:04:42,3.06
ae350c3c-d014-491f-98f1-7e1441f9bb95,b2c3d4e5-f6a7-5b6c-9d8e-0f1a2b3c4d5e,2026-02-15,20:06:22,4.56
b96da1f1-e777-4971-9e4e-4cde799acf42,b2c3d4e5-f6a7-5b6c-9d8e-0f1a2b3c4d5e,2026-02-25,21:11:04,6.65
1c758608-d4e8-4502-b725-bb68446659ba,d4e5f6a7-b8c9-7d8e-0f1a-2b3c4d5e6f7a,2025-02-10,18:56:29,5.06
e03eb089-6554-4eb7-8872-76206905a694,a1b2c3d4-e5f6-4a5b-8c7d-9e0f1a2b3c4d,2026-06-21,01:20:29,4.26
7347ae68-e7a4-40a1-a37f-8868e0793055,c3d4e5f6-a7b8-6c7d-0e9f-1a2b3c4d5e6f,2026-09-28,09:09:18,3.42
7c345b7f-831e-43ca-ad77-df4921c0d5a9,e5f6a7b8-c9d0-8e9f-1a2b-3c4d5e6f7a8b,2025-10-24,00:40:42,3.55
0a575729-3bc5-4394-b5ae-1d18b565f082,e5f6a7b8-c9d0-8e9f-1a2b-3c4d5e6f7a8b,2026-10-24,03:06:10,4.68
c2e5f215-0aec-4391-8663-4a161cf17563,e5f6a7b8-c9d0-8e9f-1a2b-3c4d5e6f7a8b,2025-10-02,19:58:09,4.47
3b798c83-e553-4c35-88e8-2bc6bc43bfea,d4e5f6a7-b8c9-7d8e-0f1a-2b3c4d5e6f7a,2026-10-30,15:45:52,4.39
8953ff22-9c53-4a89-8f08-65fadf2f6cec,b2c3d4e5-f6a7-5b6c-9d8e-0f1a2b3c4d5e,2025-02-13,20:04:26,6.47
5c321c7a-b4e6-4846-ab1d-e96406c56380,a1b2c3d4-e5f6-4a5b-8c7d-9e0f1a2b3c4d,2025-10-09,16:30:28,6.02
36645be9-022a-480f-86cc-5e5583fedbf3,e5f6a7b8-c9d0-8e9f-1a2b-3c4d5e6f7a8b,2026-06-09,03:54:39,3.05
4482ea19-1f5c-4bf4-a8d8-e9eafdad5f87,a1b2c3d4-e5f6-4a5b-8c7d-9e0f1a2b3c4d,2026-03-21,16:49:00,4.24
d9afac3a-48e5-4c04-aa57-82e35b627424,d4e5f6a7-b8c9-7d8e-0f1a-2b3c4d5e6f7a,2026-01-11,01:17:31,4.07
ac809b58-0ce3-47b9-8698-61b16cc8f714,b2c3d4e5-f6a7-5b6c-9d8e-0f1a2b3c4d5e,2025-01-30,18:16:17,5.57
aab1683f-cc0e-46bc-b3aa-94e32d6ec95f,a1b2c3d4-e5f6-4a5b-8c7d-9e0f1a2b3c4d,2025-06-01,02:39:01,4.88
9f8056f8-4777-49c0-8513-0cd6e6643548,c3d4e5f6-a7b8-6c7d-0e9f-1a2b3c4d5e6f,2025-11-06,11:53:42,5.42
1c0ab6f4-e9a5-4503-acff-a5d045fbc708,b2c3d4e5-f6a7-5b6c-9d8e-0f1a2b3c4d5e,2026-09-06,05:08:56,3.24
99328be2-f41d-41b4-95e2-eb246c68611d,c3d4e5f6-a7b8-6c7d-0e9f-1a2b3c4d5e6f,2025-05-08,06:54:27,3.7
51410879-721c-4c82-9520-230115d0dee3,a1b2c3d4-e5f6-4a5b-8c7d-9e0f1a2b3c4d,2025-11-10,01:10:19,6.05
89f79af6-75e2-46b3-b7e4-a507c7ec762c,a1b2c3d4-e5f6-4a5b-8c7d-9e0f1a2b3c4d,2026-03-09,13:05:05,5.34
d8b6df13-4795-4908-bb7e-ec4f664f8ba1,b2c3d4e5-f6a7-5b6c-9d8e-0f1a2b3c4d5e,2025-11-29,21:43:11,5.64
345c963e-de49-46b0-988c-9075ef19fe2a,c3d4e5f6-a7b8-6c7d-0e9f-1a2b3c4d5e6f,2025-12-31,13:50:22,5.92
0980651d-5bb1-4de9-a6d9-b4acc03c0f47,b2c3d4e5-f6a7-5b6c-9d8e-0f1a2b3c4d5e,2025-03-20,06:11:47,3.81
b634dd5e-7a22-41a7-8366-58c65a65dc95,c3d4e5f6-a7b8-6c7d-0e9f-1a2b3c4d5e6f,2026-12-21,12:58:37,4.3
f1ad4a26-7638-4a8f-8e30-9b77d39c016a,c3d4e5f6-a7b8-6c7d-0e9f-1a2b3c4d5e6f,2025-07-22,06:50:03,4.0
38f74926-3584-494d-91a0-0288a226e8b1,a1b2c3d4-e5f6-4a5b-8c7d-9e0f1a2b3c4d,2026-07-26,19:20:25,5.59
6d155725-949c-45f9-9943-b46a43079ea7,c3d4e5f6-a7b8-6c7d-0e9f-1a2b3c4d5e6f,2025-04-10,12:29:00,6.46
04d1d4a6-4a4f-4225-a295-13b788aa08e7,d4e5f6a7-b8c9-7d8e-0f1a-2b3c4d5e6f7a,2025-02-11,16:53:34,3.91
0f7de3df-de30-4c77-bf01-40ab794b0127,c3d4e5f6-a7b8-6c7d-0e9f-1a2b3c4d5e6f,2026-02-05,14:44:13,6.71
baf86790-4eb4-4ba7-ab20-86544445b6c9,e5f6a7b8-c9d0-8e9f-1a2b-3c4d5e6f7a8b,2025-08-08,05:42:42,6.87
ee3bee60-a94e-40ef-bcd5-ec7fa9090aec,c3d4e5f6-a7b8-6c7d-0e9f-1a2b3c4d5e6f,2025-06-10,05:38:06,5.11
841b602a-116f-4009-a3ac-cb3578dc1cd1,b2c3d4e5-f6a7-5b6c-9d8e-0f1a2b3c4d5e,2026-09-30,16:58:48,6.66
571de5c6-37ee-4285-bd93-d9e1f527f21b,d4e5f6a7-b8c9-7d8e-0f1a-2b3c4d5e6f7a,2026-02-27,02:53:49,3.93
d1c39f6b-d254-4eff-914c-4df6cba6ff0c,b2c3d4e5-f6a7-5b6c-9d8e-0f1a2b3c4d5e,2026-02-12,13:15:34,5.84
e185c5f7-980f-420d-9e91-178b56f527eb,e5f6a7b8-c9d0-8e9f-1a2b-3c4d5e6f7a8b,2026-01-17,12:50:30,6.64
12cb11fc-204e-4dda-b90f-d507c02abcf4,b2c3d4e5-f6a7-5b6c-9d8e-0f1a2b3c4d5e,2025-04-09,16:38:39,3.96
a4f437e2-abfa-425c-8fb1-2196191e6887,b2c3d4e5-f6a7-5b6c-9d8e-0f1a2b3c4d5e,2026-08-07,09:59:48,4.39
c225f561-75c6-4f83-975f-781469dfac42,a1b2c3d4-e5f6-4a5b-8c7d-9e0f1a2b3c4d,2026-08-20,17:49:48,3.92
6dfd3dd4-1e1c-439d-8ab9-7410130f8777,e5f6a7b8-c9d0-8e9f-1a2b-3c4d5e6f7a8b,2025-04-08,11:34:52,5.83
a22c5d08-b282-413e-863f-fed4f0084374,a1b2c3d4-e5f6-4a5b-8c7d-9e0f1a2b3c4d,2026-08-06,04:40:52,4.26
06b121f6-8d2f-4d81-87f1-a92cac5ccd19,e5f6a7b8-c9d0-8e9f-1a2b-3c4d5e6f7a8b,2025-09-13,06:13:40,5.41
b33dfd52-bddb-442b-9122-b8a0fd117ded,d4e5f6a7-b8c9-7d8e-0f1a-2b3c4d5e6f7a,2026-05-19,12:42:48,6.99
efe431f9-2cd1-4f6f-aa9f-efd717bc4452,a1b2c3d4-e5f6-4a5b-8c7d-9e0f1a2b3c4d,2026-05-02,13:00:40,4.72
2cb398c1-38d0-4cca-a9d1-4ad4956fceee,b2c3d4e5-f6a7-5b6c-9d8e-0f1a2b3c4d5e,2025-05-20,19:10:32,4.73
e1f5c138-c599-4b6e-b017-da17f56eb049,e5f6a7b8-c9d0-8e9f-1a2b-3c4d5e6f7a8b,2025-09-11,06:39:12,4.11
8a750074-1c44-4a1b-b690-af471d08d56f,e5f6a7b8-c9d0-8e9f-1a2b-3c4d5e6f7a8b,2026-02-07,00:25:34,5.78
34b95adf-dd35-48d5-b531-cbce414ab3a6,c3d4e5f6-a7b8-6c7d-0e9f-1a2b3c4d5e6f,2025-04-08,21:48:19,6.72
2c26a89c-013d-4bc2-a62d-0f3e1ae356ba,e5f6a7b8-c9d0-8e9f-1a2b-3c4d5e6f7a8b,2025-01-03,16:12:41,6.72
427add18-83fa-41df-ab30-064787f89247,d4e5f6a7-b8c9-7d8e-0f1a-2b3c4d5e6f7a,2026-05-24,12:38:42,5.61
837bce66-3318-4c0c-bbed-7d2623ff4038,c3d4e5f6-a7b8-6c7d-0e9f-1a2b3c4d5e6f,2026-03-03,20:08:06,5.46
3e790475-7f3b-469c-b910-d32709c29daa,a1b2c3d4-e5f6-4a5b-8c7d-9e0f1a2b3c4d,2025-03-29,10:22:27,6.23
01c095da-1cdb-4ba5-a575-ec7a6490265a,b2c3d4e5-f6a7-5b6c-9d8e-0f1a2b3c4d5e,2026-12-04,07:35:35,4.26
0a7f5268-8b39-40f5-90c1-53cbd624225a,b2c3d4e5-f6a7-5b6c-9d8e-0f1a2b3c4d5e,2026-12-29,19:25:03,6.39
71916dc8-bc12-49e1-bfe4-d566672765c0,b2c3d4e5-f6a7-5b6c-9d8e-0f1a2b3c4d5e,2025-07-09,02:27:18,6.32
d8780b77-15fc-41ae-b374-e394de7de748,e5f6a7b8-c9d0-8e9f-1a2b-3c4d5e6f7a8b,2026-11-06,00:05:29,4.28
1be9483a-4aa9-4aa3-acf4-1f6db83defc1,c3d4e5f6-a7b8-6c7d-0e9f-1a2b3c4d5e6f,2026-10-02,04:49:24,6.31
b08c1afc-10ef-49c9-9fb7-6690a51c8b09,b2c3d4e5-f6a7-5b6c-9d8e-0f1a2b3c4d5e,2025-12-17,06:28:02,4.86
0c654e06-e4d8-4522-a6be-3f19339efc8d,d4e5f6a7-b8c9-7d8e-0f1a-2b3c4d5e6f7a,2026-04-13,08:42:49,4.07
47d3266c-6dbd-47c9-9080-a90039f33b8a,d4e5f6a7-b8c9-7d8e-0f1a-2b3c4d5e6f7a,2026-03-17,14:56:58,3.73
af71a843-c301-47c4-a440-feea9c0cefc0,b2c3d4e5-f6a7-5b6c-9d8e-0f1a2b3c4d5e,2025-01-05,22:09:28,3.89
0fa76b2c-d5fb-4016-8932-b3a7216d6c7d,a1b2c3d4-e5f6-4a5b-8c7d-9e0f1a2b3c4d,2026-01-05,17:26:17,4.31
01b81d44-5b6f-4a15-9652-73579ce844c5,b2c3d4e5-f6a7-5b6c-9d8e-0f1a2b3c4d5e,2025-05-08,05:26:13,4.52
dafcc1dc-f5a8-440e-9bc5-49d5697761ae,e5f6a7b8-c9d0-8e9f-1a2b-3c4d5e6f7a8b,2025-01-20,14:01:05,5.8
3798b8fd-b7bc-4e46-9fe7-e57975efca2c,b2c3d4e5-f6a7-5b6c-9d8e-0f1a2b3c4d5e,2025-09-21,01:53:59,5.3
65b5fa9d-f7a9-4cc6-a7d7-16149ed315e8,c3d4e5f6-a7b8-6c7d-0e9f-1a2b3c4d5e6f,2025-04-01,02:53:32,4.15
cc53ef9f-8b40-4b86-8df6-74c59283678d,c3d4e5f6-a7b8-6c7d-0e9f-1a2b3c4d5e6f,2026-11-29,11:51:05,6.15
9c781323-c0d5-4e97-a9c7-ca8e8b652c6f,d4e5f6a7-b8c9-7d8e-0f1a-2b3c4d5e6f7a,2026-03-09,06:10:40,5.3
fac0afc3-991a-4548-a174-355e876e4b1c,c3d4e5f6-a7b8-6c7d-0e9f-1a2b3c4d5e6f,2026-12-13,23:03:22,6.18
b63391f9-a34f-4772-b953-b68e84aa6bad,a1b2c3d4-e5f6-4a5b-8c7d-9e0f1a2b3c4d,2026-10-29,22:36:38,3.31
393d9141-0ae0-43e4-a754-da2da3860180,a1b2c3d4-e5f6-4a5b-8c7d-9e0f1a2b3c4d,2026-07-16,10:47:32,4.94
85505594-ddf4-4e5f-b67b-0f076451d15a,b2c3d4e5-f6a7-5b6c-9d8e-0f1a2b3c4d5e,2025-06-30,04:16:40,3.8
0eb6ecd0-7be0-4d3a-93b4-b616cef42ecf,e5f6a7b8-c9d0-8e9f-1a2b-3c4d5e6f7a8b,2025-02-10,21:36:23,6.53
97c20fb5-6b60-4754-b71c-5134b33f1cd7,b2c3d4e5-f6a7-5b6c-9d8e-0f1a2b3c4d5e,2025-02-25,16:41:23,5.53
dede35fa-8e75-4a59-82d8-b83e90ef0fd0,a1b2c3d4-e5f6-4a5b-8c7d-9e0f1a2b3c4d,2026-08-16,05:00:03,4.97
b3f67897-0c43-4d82-9150-f1f4034f0c1d,d4e5f6a7-b8c9-7d8e-0f1a-2b3c4d5e6f7a,2026-06-09,10:34:17,6.95
cf3ee3dd-6b7f-4d16-8580-293226b80977,c3d4e5f6-a7b8-6c7d-0e9f-1a2b3c4d5e6f,2025-06-12,00:09:13,4.9
5bdfca47-9285-47f5-b876-565f514ff3ba,b2c3d4e5-f6a7-5b6c-9d8e-0f1a2b3c4d5e,2025-08-11,19:04:00,4.33
c9eb1982-22f6-4951-94ba-76d146ceee7a,b2c3d4e5-f6a7-5b6c-9d8e-0f1a2b3c4d5e,2025-10-30,15:27:28,4.14
d4e8d4d6-8a4d-430d-9456-d2761a549fe4,d4e5f6a7-b8c9-7d8e-0f1a-2b3c4d5e6f7a,2025-02-10,07:12:23,6.23
b467a346-a4d2-4f63-8242-c1deb317937b,d4e5f6a7-b8c9-7d8e-0f1a-2b3c4d5e6f7a,2026-04-15,04:14:00,6.24
176f7624-69b6-4257-8815-b39b6afa3167,b2c3d4e5-f6a7-5b6c-9d8e-0f1a2b3c4d5e,2025-11-18,12:19:10,4.46
e5cc5eff-1559-4a75-9711-dbd569751f5b,d4e5f6a7-b8c9-7d8e-0f1a-2b3c4d5e6f7a,2025-07-30,12:27:55,6.79
3afd436a-11b1-4dca-9175-4bd808b89ae1,d4e5f6a7-b8c9-7d8e-0f1a-2b3c4d5e6f7a,2026-12-06,23:57:30,4.85
512246ac-711a-44ea-8f82-a99e4298fe2a,b2c3d4e5-f6a7-5b6c-9d8e-0f1a2b3c4d5e,2026-06-16,20:41:30,4.74
98bc22e3-4bb5-40d1-9968-7150a1e160cf,e5f6a7b8-c9d0-8e9f-1a2b-3c4d5e6f7a8b,2026-11-06,07:37:52,4.07
ec944c10-c05f-4a39-a566-6de2e54ecadd,e5f6a7b8-c9d0-8e9f-1a2b-3c4d5e6f7a8b,2025-05-16,01:02:21,3.48
8af4c88c-f42c-4c55-9b31-ef1cda2f208b,c3d4e5f6-a7b8-6c7d-0e9f-1a2b3c4d5e6f,2025-05-17,16:52:33,6.47
52fd2915-b368-4759-b745-f07b0a237b37,d4e5f6a7-b8c9-7d8e-0f1a-2b3c4d5e6f7a,2026-10-11,02:41:39,6.61
e7d5fc49-a9db-463a-8658-747b2a4426ba,d4e5f6a7-b8c9-7d8e-0f1a-2b3c4d5e6f7a,2026-07-20,11:07:55,3.89
0b06bb12-01ef-4459-9fb4-5d80b9deff6a,d4e5f6a7-b8c9-7d8e-0f1a-2b3c4d5e6f7a,2026-06-30,10:10:31,5.39
62add063-f269-440c-859c-ed2e27e45897,e5f6a7b8-c9d0-8e9f-1a2b-3c4d5e6f7a8b,2026-12-02,06:27:46,5.59
e09d62b0-8dcf-4833-9aaf-9848ad802f42,d4e5f6a7-b8c9-7d8e-0f1a-2b3c4d5e6f7a,2025-08-07,08:35:32,6.68
940c65b7-b76b-4003-a947-7af209c4bceb,b2c3d4e5-f6a7-5b6c-9d8e-0f1a2b3c4d5e,2026-12-10,04:19:20,4.45
9e3ad4eb-5ce4-45a3-b47b-b4a9f80ef390,a1b2c3d4-e5f6-4a5b-8c7d-9e0f1a2b3c4d,2025-06-05,13:40:48,6.24
c3d5d4d7-ac3e-4b0f-8a0d-779ddf7a7ecc,a1b2c3d4-e5f6-4a5b-8c7d-9e0f1a2b3c4d,2026-04-05,18:08:26,6.18
70efd6f1-9048-4b95-a50f-4406d2ff81b1,d4e5f6a7-b8c9-7d8e-0f1a-2b3c4d5e6f7a,2026-03-25,08:11:28,3.08
87e73270-5865-4fb6-adc1-ff3672d5e96c,a1b2c3d4-e5f6-4a5b-8c7d-9e0f1a2b3c4d,2026-07-08,03:45:33,5.61
014f0233-e553-4bca-9863-7f8d381fa3ec,e5f6a7b8-c9d0-8e9f-1a2b-3c4d5e6f7a8b,2025-05-05,13:03:31,5.19
771c342b-3931-4e43-bd91-fc193163ca32,e5f6a7b8-c9d0-8e9f-1a2b-3c4d5e6f7a8b,2025-10-30,08:54:20,5.58
c50dfbba-20ce-4928-91d5-ef1d8b715bf4,d4e5f6a7-b8c9-7d8e-0f1a-2b3c4d5e6f7a,2025-03-04,09:09:06,4.49
b165baa5-b6c0-4025-94d9-0370b610e473,b2c3d4e5-f6a7-5b6c-9d8e-0f1a2b3c4d5e,2025-01-31,08:33:06,6.68
5a5da129-b3e6-4e7f-841e-29d7ea219da9,c3d4e5f6-a7b8-6c7d-0e9f-1a2b3c4d5e6f,2026-05-15,05:33:57,5.98
e3f86929-bc3c-4c9e-a30d-60e83cba3293,c3d4e5f6-a7b8-6c7d-0e9f-1a2b3c4d5e6f,2026-04-04,12:59:31,4.41
2bb39324-33fe-4c6d-87fe-4d46734e0d1e,e5f6a7b8-c9d0-8e9f-1a2b-3c4d5e6f7a8b,2025-02-27,22:31:36,3.31
f6acb96e-8731-4cad-af52-2c360f695b2f,d4e5f6a7-b8c9-7d8e-0f1a-2b3c4d5e6f7a,2026-06-30,23:34:58,5.85
51bf8258-4f99-456b-b684-0481e981a8a2,e5f6a7b8-c9d0-8e9f-1a2b-3c4d5e6f7a8b,2026-06-09,07:08:12,3.04
21a50b02-2cb4-40d6-98f0-ba0c26b61d76,c3d4e5f6-a7b8-6c7d-0e9f-1a2b3c4d5e6f,2025-06-04,11:05:11,6.65
28da31df-6372-493d-baa7-2c15c724a7d5,a1b2c3d4-e5f6-4a5b-8c7d-9e0f1a2b3c4d,2026-10-25,08:08:58,4.11
f8cf2a0d-0669-46ff-b27f-aa50833e2dee,b2c3d4e5-f6a7-5b6c-9d8e-0f1a2b3c4d5e,2025-09-27,02:08:54,3.65
b6812d35-7df9-417d-a0fb-daaa1b7209ae,b2c3d4e5-f6a7-5b6c-9d8e-0f1a2b3c4d5e,2026-12-19,13:17:36,6.19
bf698c08-376c-45fa-9abc-3867c4ae4772,c3d4e5f6-a7b8-6c7d-0e9f-1a2b3c4d5e6f,2026-05-17,11:43:38,5.69
35bd74c4-e4ff-41e9-9997-df231d34fa62,c3d4e5f6-a7b8-6c7d-0e9f-1a2b3c4d5e6f,2025-06-04,01:40:07,3.82
2e880edc-da45-4695-8955-00fd54a18816,b2c3d4e5-f6a7-5b6c-9d8e-0f1a2b3c4d5e,2026-08-07,17:34:33,3.57
74abda7b-7ed2-4a80-b581-6318f9216958,e5f6a7b8-c9d0-8e9f-1a2b-3c4d5e6f7a8b,2025-02-02,14:27:48,4.91
576993f4-a077-4d18-8456-b708f71c15c4,e5f6a7b8-c9d0-8e9f-1a2b-3c4d5e6f7a8b,2026-11-06,06:17:43,4.61
dc62913f-5491-44dd-9bf4-54b49d1a5f1d,b2c3d4e5-f6a7-5b6c-9d8e-0f1a2b3c4d5e,2025-09-09,05:33:47,4.45
af049544-2827-49fd-bcf1-b7ee9365a816,c3d4e5f6-a7b8-6c7d-0e9f-1a2b3c4d5e6f,2026-08-07,08:37:04,6.15
b9b73f62-0482-4734-9d5e-bd359a7f7b68,e5f6a7b8-c9d0-8e9f-1a2b-3c4d5e6f7a8b,2026-12-16,05:48:33,6.86
6f71a562-5d01-4562-a057-cf9740d06df1,d4e5f6a7-b8c9-7d8e-0f1a-2b3c4d5e6f7a,2026-12-02,12:09:25,6.22
dae141bc-b5b6-4f6f-8d88-f7aeb964d61a,b2c3d4e5-f6a7-5b6c-9d8e-0f1a2b3c4d5e,2026-02-26,17:30:07,5.38
77407495-e79d-4f0c-ae09-7260765b18cc,a1b2c3d4-e5f6-4a5b-8c7d-9e0f1a2b3c4d,2025-05-28,10:42:10,3.44
f7396812-5b7d-44d7-939d-7684a78adb6a,d4e5f6a7-b8c9-7d8e-0f1a-2b3c4d5e6f7a,2026-01-05,21:53:16,3.35
971bdf47-a659-4670-ad06-4c119d3937e9,c3d4e5f6-a7b8-6c7d-0e9f-1a2b3c4d5e6f,2025-05-05,15:07:50,4.93
9b7f1780-0c66-4c5d-969f-ebafa6098dad,d4e5f6a7-b8c9-7d8e-0f1a-2b3c4d5e6f7a,2026-08-17,22:31:44,6.46
304b67e1-c379-487a-b47a-5a799a0b24eb,d4e5f6a7-b8c9-7d8e-0f1a-2b3c4d5e6f7a,2026-07-01,20:54:59,6.72
0bf79876-db09-4b7d-b55a-c56309f0bcca,b2c3d4e5-f6a7-5b6c-9d8e-0f1a2b3c4d5e,2025-03-07,04:42:46,3.26
ba8929dd-f8fb-4a78-a2be-0efbc59ab895,d4e5f6a7-b8c9-7d8e-0f1a-2b3c4d5e6f7a,2026-10-12,18:27:57,6.62
735e246e-5c0e-49a1-a9cf-a90731ecf563,e5f6a7b8-c9d0-8e9f-1a2b-3c4d5e6f7a8b,2025-12-13,23:15:05,4.34
4f3642ca-86f4-4559-9cbb-cd1e79a49fb3,b2c3d4e5-f6a7-5b6c-9d8e-0f1a2b3c4d5e,2025-04-06,01:48:37,6.79
c7e48e24-584d-4465-8d43-b660badc1f53,e5f6a7b8-c9d0-8e9f-1a2b-3c4d5e6f7a8b,2026-05-12,15:20:35,3.93
351edfca-e3da-419e-8dfe-384c97230cea,d4e5f6a7-b8c9-7d8e-0f1a-2b3c4d5e6f7a,2025-12-12,02:55:07,3.01
b3d6ebfc-0274-4b38-938b-9438534912dd,a1b2c3d4-e5f6-4a5b-8c7d-9e0f1a2b3c4d,2025-11-28,07:22:30,3.96
e3827cf2-58be-431a-b108-bbd2206644aa,b2c3d4e5-f6a7-5b6c-9d8e-0f1a2b3c4d5e,2025-10-04,20:52:13,6.43
b4ff330d-ad2d-4b4b-af81-ec5ebb798e7e,c3d4e5f6-a7b8-6c7d-0e9f-1a2b3c4d5e6f,2025-01-14,12:14:37,6.34
74fd9e30-9814-4124-b3a1-cfdecd9f38f3,b2c3d4e5-f6a7-5b6c-9d8e-0f1a2b3c4d5e,2025-06-12,07:04:06,3.77
4a885e60-498d-4ad2-a7e1-9e1ff50df11c,b2c3d4e5-f6a7-5b6c-9d8e-0f1a2b3c4d5e,2026-10-05,13:43:41,3.79
3e325e78-a59c-4f0b-b770-ec437fc7417f,d4e5f6a7-b8c9-7d8e-0f1a-2b3c4d5e6f7a,2025-12-31,14:21:10,3.97
179ba65b-b642-4c87-a266-4fda353708c2,c3d4e5f6-a7b8-6c7d-0e9f-1a2b3c4d5e6f,2026-01-09,21:02:30,3.23
17ba7d67-da56-4fe9-9449-85982fcdf79c,a1b2c3d4-e5f6-4a5b-8c7d-9e0f1a2b3c4d,2025-01-24,21:06:10,5.8
cabb3f49-8511-450f-a626-289e12b5f8e1,e5f6a7b8-c9d0-8e9f-1a2b-3c4d5e6f7a8b,2025-07-29,02:02:33,4.74
3d3a39a4-eea5-4a7c-867b-0deeaa17b186,e5f6a7b8-c9d0-8e9f-1a2b-3c4d5e6f7a8b,2025-09-11,03:11:21,3.24
a03b577f-6e20-4869-9804-f84f4bd0a1c1,c3d4e5f6-a7b8-6c7d-0e9f-1a2b3c4d5e6f,2025-11-08,21:04:15,3.21
82a1e02e-ecf3-49e7-9e56-8bebca468d71,d4e5f6a7-b8c9-7d8e-0f1a-2b3c4d5e6f7a,2025-03-13,22:46:46,3.91
0dc72b38-d56e-4254-bdfd-c75cdf0895f3,e5f6a7b8-c9d0-8e9f-1a2b-3c4d5e6f7a8b,2025-09-20,02:36:51,5.18
8a9c4422-253b-46e4-a441-479abf9583e1,e5f6a7b8-c9d0-8e9f-1a2b-3c4d5e6f7a8b,2025-06-21,13:33:44,5.25
bc9f7464-acd1-4012-9249-c3c13293bb33,c3d4e5f6-a7b8-6c7d-0e9f-1a2b3c4d5e6f,2026-10-20,15:23:23,3.62
909dbc61-4789-43e7-9eeb-e63895b46ae6,a1b2c3d4-e5f6-4a5b-8c7d-9e0f1a2b3c4d,2026-03-07,22:46:33,3.97
40fd7d4b-2011-43fc-976e-aa289f4bf70f,b2c3d4e5-f6a7-5b6c-9d8e-0f1a2b3c4d5e,2026-01-15,13:46:01,3.5
ebbb174f-cf2b-403a-8cec-80373712cf6d,b2c3d4e5-f6a7-5b6c-9d8e-0f1a2b3c4d5e,2026-07-09,03:22:06,3.35
6dcbfeda-ee28-4cad-bc47-41c0596562bb,e5f6a7b8-c9d0-8e9f-1a2b-3c4d5e6f7a8b,2025-06-24,12:55:58,5.31
2d8fe3fc-5208-45e4-a41f-4a5a14391c83,b2c3d4e5-f6a7-5b6c-9d8e-0f1a2b3c4d5e,2026-08-19,07:30:25,4.87
89e02886-960f-4a4f-babe-52378aebaa62,d4e5f6a7-b8c9-7d8e-0f1a-2b3c4d5e6f7a,2025-07-20,19:41:31,3.54
7be8a856-9d9d-4c7e-a2e7-8a31548896a3,a1b2c3d4-e5f6-4a5b-8c7d-9e0f1a2b3c4d,2025-01-17,10:49:08,4.72
2db21af7-013b-46c4-842e-55ba21fd1f30,e5f6a7b8-c9d0-8e9f-1a2b-3c4d5e6f7a8b,2025-12-25,00:27:34,3.72
8219f706-6b38-40f0-b9db-c56406f80a1a,e5f6a7b8-c9d0-8e9f-1a2b-3c4d5e6f7a8b,2026-08-07,07:04:55,4.56
e981cef3-b81e-413a-9909-3d2ef1fbf2bd,e5f6a7b8-c9d0-8e9f-1a2b-3c4d5e6f7a8b,2025-06-01,18:16:44,6.14
cf674e8a-4440-4968-9ba4-622f482e7329,b2c3d4e5-f6a7-5b6c-9d8e-0f1a2b3c4d5e,2026-07-09,00:06:10,5.62
0960ee96-b529-41a5-a512-d0295bd73c5e,d4e5f6a7-b8c9-7d8e-0f1a-2b3c4d5e6f7a,2025-10-24,15:58:32,3.79
daab0e9d-7fff-4fc6-a650-48e73bbd23ec,e5f6a7b8-c9d0-8e9f-1a2b-3c4d5e6f7a8b,2025-06-21,02:30:12,4.43
54dde7d5-6c3e-44e3-a69a-978ec99b2480,a1b2c3d4-e5f6-4a5b-8c7d-9e0f1a2b3c4d,2025-07-16,00:14:08,3.07
f88705e8-a582-48b5-a0ec-ccaa3c862d2a,c3d4e5f6-a7b8-6c7d-0e9f-1a2b3c4d5e6f,2025-06-05,14:00:58,6.34
2db6c96c-c580-4114-a71a-5786804851d0,c3d4e5f6-a7b8-6c7d-0e9f-1a2b3c4d5e6f,2025-08-06,22:26:02,4.89
75cbebad-a425-4fdf-919e-704d99c8bd2d,e5f6a7b8-c9d0-8e9f-1a2b-3c4d5e6f7a8b,2026-01-31,12:09:49,3.12
75c3e06a-6ac6-441c-966f-a7817048c0be,e5f6a7b8-c9d0-8e9f-1a2b-3c4d5e6f7a8b,2025-01-14,22:23:34,3.35
a2c8bb6d-d135-49f3-8d15-b71edc8bed77,a1b2c3d4-e5f6-4a5b-8c7d-9e0f1a2b3c4d,2025-01-19,02:28:00,5.44
55d23d10-0fb6-417b-923c-c9494666c699,d4e5f6a7-b8c9-7d8e-0f1a-2b3c4d5e6f7a,2025-11-13,12:21:25,3.71
2829ca04-2e69-4c75-998f-69b6e9e6611d,d4e5f6a7-b8c9-7d8e-0f1a-2b3c4d5e6f7a,2025-03-20,22:55:01,3.93
3e07df87-eefc-4d8a-9e18-69351217cf7f,d4e5f6a7-b8c9-7d8e-0f1a-2b3c4d5e6f7a,2026-04-03,21:35:09,3.16
f9732838-929f-456d-b9a0-88447aef7f6f,e5f6a7b8-c9d0-8e9f-1a2b-3c4d5e6f7a8b,2026-09-20,04:09:59,6.22
8283cb49-8eb1-4306-a9fa-f605e57a333b,d4e5f6a7-b8c9-7d8e-0f1a-2b3c4d5e6f7a,2026-10-20,03:52:20,6.86
ee1c8cdc-5a0e-4cd2-abfe-4873f21c22b1,c3d4e5f6-a7b8-6c7d-0e9f-1a2b3c4d5e6f,2025-01-28,14:48:17,3.1
016b57aa-967c-4589-8e9d-7cbf6f10af17,e5f6a7b8-c9d0-8e9f-1a2b-3c4d5e6f7a8b,2025-09-21,11:09:19,6.39
e94c0832-ad79-4453-a3e3-fef00d88e4a4,a1b2c3d4-e5f6-4a5b-8c7d-9e0f1a2b3c4d,2025-09-05,01:43:15,6.75
7888818e-7f65-40fe-a39b-955c741459a4,e5f6a7b8-c9d0-8e9f-1a2b-3c4d5e6f7a8b,2025-04-23,17:53:46,4.76
938c4951-42e7-4d6f-8be4-3fc3cc6ae601,c3d4e5f6-a7b8-6c7d-0e9f-1a2b3c4d5e6f,2026-01-26,17:44:35,6.13
96fe2643-ed24-4830-b90f-337c6d12ed75,d4e5f6a7-b8c9-7d8e-0f1a-2b3c4d5e6f7a,2025-12-09,06:25:59,3.73
8e46f5fe-bad6-4fa8-824f-e5305285fccc,d4e5f6a7-b8c9-7d8e-0f1a-2b3c4d5e6f7a,2025-04-28,23:03:34,3.39
1b3694d4-20cc-4576-a3d9-998f68880211,e5f6a7b8-c9d0-8e9f-1a2b-3c4d5e6f7a8b,2026-04-25,05:25:00,4.75
eee3b6d0-85ad-4cf4-b65d-a781e32023bd,c3d4e5f6-a7b8-6c7d-0e9f-1a2b3c4d5e6f,2026-10-22,00:10:55,5.56
66ae811a-52bf-4268-8998-96416eda6830,b2c3d4e5-f6a7-5b6c-9d8e-0f1a2b3c4d5e,2025-04-15,21:40:30,6.85
0d017a49-eff4-46f9-a74f-4bfc643d62fa,c3d4e5f6-a7b8-6c7d-0e9f-1a2b3c4d5e6f,2026-03-17,13:00:35,4.13
17bd5d12-0899-4dcd-b4f9-f94606737660,e5f6a7b8-c9d0-8e9f-1a2b-3c4d5e6f7a8b,2026-06-20,04:10:46,6.38
3967712f-8935-4424-8a67-8a269068bc12,e5f6a7b8-c9d0-8e9f-1a2b-3c4d5e6f7a8b,2025-11-04,11:27:36,5.26
687e8e95-e96b-416c-be27-a249d9f907e2,e5f6a7b8-c9d0-8e9f-1a2b-3c4d5e6f7a8b,2026-10-17,17:17:44,3.49
061ba4f1-38f1-41c1-b430-cdf460045146,d4e5f6a7-b8c9-7d8e-0f1a-2b3c4d5e6f7a,2025-12-01,09:35:42,5.15
b69cec37-c433-4897-9f3b-d1a35a3286e8,a1b2c3d4-e5f6-4a5b-8c7d-9e0f1a2b3c4d,2026-07-13,21:02:09,6.38
dfc7523f-0de6-4fcb-bb97-785b1ea2444d,b2c3d4e5-f6a7-5b6c-9d8e-0f1a2b3c4d5e,2026-05-25,14:39:59,4.97
9dbd49e5-068a-4dd7-a3d2-ce0576a9d965,b2c3d4e5-f6a7-5b6c-9d8e-0f1a2b3c4d5e,2025-09-25,00:27:02,5.43
50f7ca53-064f-4120-85cf-660b0e52f83e,a1b2c3d4-e5f6-4a5b-8c7d-9e0f1a2b3c4d,2026-02-13,20:49:02,5.46
a1da3c03-5d2e-4145-8cc5-2af83cc4ae3e,e5f6a7b8-c9d0-8e9f-1a2b-3c4d5e6f7a8b,2026-09-02,19:09:14,3.66
734b304c-8ab3-4d14-9e1a-44f156b69e9e,e5f6a7b8-c9d0-8e9f-1a2b-3c4d5e6f7a8b,2025-10-16,06:06:22,3.99
6f2885fb-4f40-443b-88cb-f4b47d253d79,d4e5f6a7-b8c9-7d8e-0f1a-2b3c4d5e6f7a,2025-09-13,04:11:20,6.39
b6191b50-fb82-41b2-af35-3e41e50def1c,e5f6a7b8-c9d0-8e9f-1a2b-3c4d5e6f7a8b,2026-05-17,20:29:16,6.39
37ef8d67-bd61-483d-a57b-f69aba0112a0,d4e5f6a7-b8c9-7d8e-0f1a-2b3c4d5e6f7a,2025-11-12,07:17:49,5.66
de210012-e43b-4d1d-b056-a22c2f47eb4a,d4e5f6a7-b8c9-7d8e-0f1a-2b3c4d5e6f7a,2026-02-19,18:34:36,3.07
a1279dbc-bc3a-4851-85e4-36d71b16468a,d4e5f6a7-b8c9-7d8e-0f1a-2b3c4d5e6f7a,2026-01-23,08:01:18,6.03
eb4f1bf1-d173-4b6a-8320-fb8da27df69d,d4e5f6a7-b8c9-7d8e-0f1a-2b3c4d5e6f7a,2026-05-01,23:07:28,5.37
dcd2d5f8-55fa-471a-9065-8533c36ce70f,c3d4e5f6-a7b8-6c7d-0e9f-1a2b3c4d5e6f,2025-09-13,16:48:25,6.5
74db4c45-d757-40c6-83b1-40700c2b83a1,d4e5f6a7-b8c9-7d8e-0f1a-2b3c4d5e6f7a,2025-04-07,20:45:17,4.66
28d1cb03-5ad2-451b-b562-b63b3a779241,c3d4e5f6-a7b8-6c7d-0e9f-1a2b3c4d5e6f,2026-10-28,03:44:24,5.84
54b56570-f3cc-400b-bfe2-648bad5cf747,c3d4e5f6-a7b8-6c7d-0e9f-1a2b3c4d5e6f,2025-06-26,14:42:54,3.91
f19a8cbe-4dee-4137-a0be-e6102bf85400,d4e5f6a7-b8c9-7d8e-0f1a-2b3c4d5e6f7a,2026-12-16,04:28:51,3.58
409f6b7a-d060-4a34-8b88-e2f29e80725d,c3d4e5f6-a7b8-6c7d-0e9f-1a2b3c4d5e6f,2026-08-07,22:27:25,3.17
fec8d235-d48e-4f5e-804c-322fbcae33f3,d4e5f6a7-b8c9-7d8e-0f1a-2b3c4d5e6f7a,2026-06-29,17:13:02,4.83
578be16e-8621-4508-913b-57f44004160e,b2c3d4e5-f6a7-5b6c-9d8e-0f1a2b3c4d5e,2026-06-24,22:07:32,6.31
58e59104-790f-4c45-abd8-c9e0d19a41ce,b2c3d4e5-f6a7-5b6c-9d8e-0f1a2b3c4d5e,2025-03-11,04:22:53,4.71
16020151-36b4-4f7d-a49c-025a3f316383,e5f6a7b8-c9d0-8e9f-1a2b-3c4d5e6f7a8b,2025-06-01,12:24:22,5.79
8b9dbafd-0f61-4337-b500-1d0575037e79,a1b2c3d4-e5f6-4a5b-8c7d-9e0f1a2b3c4d,2025-09-09,10:03:03,5.99
01a2bfd5-e11a-47de-a544-1063f9dab49b,a1b2c3d4-e5f6-4a5b-8c7d-9e0f1a2b3c4d,2026-09-01,04:51:18,3.57
6fdced44-a870-44b5-b61b-5a33433164d3,a1b2c3d4-e5f6-4a5b-8c7d-9e0f1a2b3c4d,2026-10-29,17:39:05,4.66
19349634-3f36-4df7-9484-e45b6ed5ca72,c3d4e5f6-a7b8-6c7d-0e9f-1a2b3c4d5e6f,2025-03-26,14:43:07,6.41
ce03419d-4920-4122-ae7f-be95c2f4d6e1,d4e5f6a7-b8c9-7d8e-0f1a-2b3c4d5e6f7a,2025-11-21,21:25:54,6.68
f9bb76f3-895e-4ea2-8d6c-58f2890e6729,b2c3d4e5-f6a7-5b6c-9d8e-0f1a2b3c4d5e,2025-12-22,02:30:17,3.2
946fb65d-1232-45f9-9238-9bbea1fad486,a1b2c3d4-e5f6-4a5b-8c7d-9e0f1a2b3c4d,2025-06-14,10:07:31,6.68
c63e2a99-d92e-485a-9f45-6d6bf3c884f9,d4e5f6a7-b8c9-7d8e-0f1a-2b3c4d5e6f7a,2026-05-08,13:04:05,6.62
38e188a3-e7ed-477d-86dc-21c88ca3c1bb,e5f6a7b8-c9d0-8e9f-1a2b-3c4d5e6f7a8b,2026-12-19,15:01:39,4.55
3258ec3f-42bb-4fc4-abcb-f7cfabe9c972,a1b2c3d4-e5f6-4a5b-8c7d-9e0f1a2b3c4d,2025-08-28,19:53:39,4.57
16ca373b-4697-4d7f-8c7f-2af00e2b2b01,c3d4e5f6-a7b8-6c7d-0e9f-1a2b3c4d5e6f,2026-05-16,04:34:13,4.21
96d0f68d-abb8-4342-8863-9c94b854034c,d4e5f6a7-b8c9-7d8e-0f1a-2b3c4d5e6f7a,2025-10-15,18:16:45,3.27
8a296bc6-a958-4f06-8780-ae8e0bc26ea0,d4e5f6a7-b8c9-7d8e-0f1a-2b3c4d5e6f7a,2025-10-31,20:18:08,3.43
c8956c68-b878-48bc-8028-de56de925921,e5f6a7b8-c9d0-8e9f-1a2b-3c4d5e6f7a8b,2026-05-01,18:44:04,6.49
93c37840-c6bc-48f9-8fa1-db14e9c44d87,e5f6a7b8-c9d0-8e9f-1a2b-3c4d5e6f7a8b,2026-09-27,15:15:36,3.41
14c47b81-ae01-4967-b5ad-4c76ab37d68a,d4e5f6a7-b8c9-7d8e-0f1a-2b3c4d5e6f7a,2026-06-13,21:12:21,4.25
0b065be5-faa2-4158-a191-fa3086e8acbd,a1b2c3d4-e5f6-4a5b-8c7d-9e0f1a2b3c4d,2026-02-03,12:04:15,6.33
6d4e1f4c-2ab3-4b06-94ef-bc943f90eaeb,b2c3d4e5-f6a7-5b6c-9d8e-0f1a2b3c4d5e,2026-06-28,02:56:36,3.49
0d1c19ea-e734-4506-a3a6-cf9c5595f17e,d4e5f6a7-b8c9-7d8e-0f1a-2b3c4d5e6f7a,2026-05-03,09:20:45,3.68
d1fb90fb-199b-49e6-96ed-7f4a44808b13,a1b2c3d4-e5f6-4a5b-8c7d-9e0f1a2b3c4d,2025-08-21,22:05:51,6.5
366428af-553c-4a9c-b9fd-4be821526931,c3d4e5f6-a7b8-6c7d-0e9f-1a2b3c4d5e6f,2026-02-06,16:44:47,6.36
f8fc7505-546a-448c-80ee-5642c361e828,b2c3d4e5-f6a7-5b6c-9d8e-0f1a2b3c4d5e,2026-11-08,10:10:42,5.15
01634614-4240-4cbc-9b2c-39d73c2b0d85,a1b2c3d4-e5f6-4a5b-8c7d-9e0f1a2b3c4d,2025-03-24,09:12:17,6.55
caf2426f-93df-42b4-ba4c-5b4942569757,e5f6a7b8-c9d0-8e9f-1a2b-3c4d5e6f7a8b,2026-12-02,04:25:45,5.36
3b0629ea-3a3a-4f9b-a444-bfb0d6746f76,d4e5f6a7-b8c9-7d8e-0f1a-2b3c4d5e6f7a,2025-10-29,00:02:53,5.61
05624a21-6180-4e4e-95d7-4c4f3f224d58,c3d4e5f6-a7b8-6c7d-0e9f-1a2b3c4d5e6f,2025-10-04,12:39:52,3.69
e59c6fb2-92eb-4a6c-9054-2e71ae510783,d4e5f6a7-b8c9-7d8e-0f1a-2b3c4d5e6f7a,2025-09-10,22:47:33,6.62
15ebc9c8-dbfd-4944-a40a-eb6bbb8e3ac7,a1b2c3d4-e5f6-4a5b-8c7d-9e0f1a2b3c4d,2026-08-15,20:22:58,6.19
1e35e009-6f05-49bc-99f9-d5875af01641,e5f6a7b8-c9d0-8e9f-1a2b-3c4d5e6f7a8b,2025-11-12,20:57:28,5.89
979bc01e-f920-4f16-975a-a504c2545436,b2c3d4e5-f6a7-5b6c-9d8e-0f1a2b3c4d5e,2025-05-30,06:49:37,6.61
4b64c056-a8e4-4aeb-9ed0-079bcff04a38,e5f6a7b8-c9d0-8e9f-1a2b-3c4d5e6f7a8b,2026-02-25,00:32:05,6.18
08dae0dc-80f4-4da0-ae1c-de8964964962,d4e5f6a7-b8c9-7d8e-0f1a-2b3c4d5e6f7a,2026-08-25,08:43:13,4.71
9a54e3cd-14a1-4f90-9b0d-a0cdf143d184,b2c3d4e5-f6a7-5b6c-9d8e-0f1a2b3c4d5e,2025-09-17,07:51:24,4.31
b49237ba-d59f-43e0-b89e-17b109a9edd3,e5f6a7b8-c9d0-8e9f-1a2b-3c4d5e6f7a8b,2025-01-22,10:49:40,6.26
27888c63-118b-48a5-bc5b-8b438e78f988,c3d4e5f6-a7b8-6c7d-0e9f-1a2b3c4d5e6f,2025-06-12,03:37:39,4.53
b315dd27-6b59-4d7d-ac5f-439b8ac3537f,c3d4e5f6-a7b8-6c7d-0e9f-1a2b3c4d5e6f,2026-06-02,18:30:16,6.77
32934cc0-c650-45f5-92c7-18ce9b54ea17,b2c3d4e5-f6a7-5b6c-9d8e-0f1a2b3c4d5e,2025-10-01,20:30:55,4.78
bf726b76-29a4-41d8-8d58-8b35accfd93a,d4e5f6a7-b8c9-7d8e-0f1a-2b3c4d5e6f7a,2026-10-22,15:30:18,6.38
507da552-3c1b-4255-886b-d5731a0f9dba,e5f6a7b8-c9d0-8e9f-1a2b-3c4d5e6f7a8b,2025-11-26,09:42:35,6.75
0de686e0-2f17-4246-8034-da7d8ec8766a,a1b2c3d4-e5f6-4a5b-8c7d-9e0f1a2b3c4d,2026-05-28,14:25:48,6.93
05ee8bda-1c48-4beb-9db0-09e3f914d0f6,d4e5f6a7-b8c9-7d8e-0f1a-2b3c4d5e6f7a,2026-06-03,10:06:13,3.84
19884369-1eff-4ebe-9697-82b2cc8c054e,d4e5f6a7-b8c9-7d8e-0f1a-2b3c4d5e6f7a,2026-08-31,20:51:59,6.04
150d1289-8c42-438e-a88c-bb87843ea909,e5f6a7b8-c9d0-8e9f-1a2b-3c4d5e6f7a8b,2026-08-12,17:01:23,5.5
c2ed771c-b118-42e7-b7d1-e6bfc2f8716f,c3d4e5f6-a7b8-6c7d-0e9f-1a2b3c4d5e6f,2026-11-24,22:48:47,5.96
c2591466-502a-44c8-af4b-5c5ae3638bab,b2c3d4e5-f6a7-5b6c-9d8e-0f1a2b3c4d5e,2025-06-04,08:29:53,3.33
43a6d525-482a-4d70-80e9-0469a504a18e,b2c3d4e5-f6a7-5b6c-9d8e-0f1a2b3c4d5e,2025-08-07,21:18:16,6.91
842000a6-9e04-4937-aecb-47df52f61fc7,a1b2c3d4-e5f6-4a5b-8c7d-9e0f1a2b3c4d,2026-11-07,15:37:09,6.5
5aba169a-40b5-4fa2-8da3-40e30a66bdf0,b2c3d4e5-f6a7-5b6c-9d8e-0f1a2b3c4d5e,2025-06-05,10:03:03,5.06
80b8df6e-a239-4930-8f9e-4d6baa2eccc6,a1b2c3d4-e5f6-4a5b-8c7d-9e0f1a2b3c4d,2025-01-03,11:20:59,5.33
0fc2edec-ead5-47a0-b683-74eba98ae97c,d4e5f6a7-b8c9-7d8e-0f1a-2b3c4d5e6f7a,2026-02-11,14:07:46,5.96
7b79c4bc-1d1e-4b06-aac3-7c00240be444,c3d4e5f6-a7b8-6c7d-0e9f-1a2b3c4d5e6f,2025-09-04,16:21:33,5.64
5c7b277f-1caf-4ceb-871b-d4c3f2238d83,c3d4e5f6-a7b8-6c7d-0e9f-1a2b3c4d5e6f,2025-12-03,02:11:16,3.63
bf2ba244-7858-4189-adb8-fe164cc11007,b2c3d4e5-f6a7-5b6c-9d8e-0f1a2b3c4d5e,2026-08-12,18:08:30,5.74
6a8300a7-be96-4ba5-a506-b3254ea9e04e,c3d4e5f6-a7b8-6c7d-0e9f-1a2b3c4d5e6f,2025-12-27,12:36:48,6.28
8be0b1bb-3351-4bdb-be5f-b3be3e905068,e5f6a7b8-c9d0-8e9f-1a2b-3c4d5e6f7a8b,2025-07-01,03:11:06,3.57
d6d649b3-b692-44a3-b9f5-5754cad29bac,d4e5f6a7-b8c9-7d8e-0f1a-2b3c4d5e6f7a,2025-04-09,18:55:43,6.42
081ce5af-8788-4dca-a211-c3abe27fcbfb,a1b2c3d4-e5f6-4a5b-8c7d-9e0f1a2b3c4d,2026-09-20,16:29:58,3.71
1aba4898-ed43-413e-a3d1-e24d638c1453,b2c3d4e5-f6a7-5b6c-9d8e-0f1a2b3c4d5e,2026-08-13,11:04:14,5.57
e875a112-e04e-4edd-82f5-efc944a24144,b2c3d4e5-f6a7-5b6c-9d8e-0f1a2b3c4d5e,2025-06-08,20:47:19,6.47
82e9cbb3-e25e-476e-92f0-704d3174a56c,a1b2c3d4-e5f6-4a5b-8c7d-9e0f1a2b3c4d,2025-03-02,04:53:03,3.27
51e59294-cdc8-4631-92a4-9c7469b9709a,c3d4e5f6-a7b8-6c7d-0e9f-1a2b3c4d5e6f,2025-12-10,21:11:29,3.52
ad5541e8-3b3c-4c99-96e2-b8298ebe6470,b2c3d4e5-f6a7-5b6c-9d8e-0f1a2b3c4d5e,2025-03-13,01:51:57,3.27
3fa0ec5f-db8e-4f11-abb0-a9a27052aab2,b2c3d4e5-f6a7-5b6c-9d8e-0f1a2b3c4d5e,2026-06-08,10:41:40,3.51
b33f9d2d-edd6-43bb-a9e2-204df96e618b,e5f6a7b8-c9d0-8e9f-1a2b-3c4d5e6f7a8b,2025-05-23,07:38:43,4.96
6d1612c8-8fb6-42e5-8adc-9408ad8ffebf,b2c3d4e5-f6a7-5b6c-9d8e-0f1a2b3c4d5e,2026-02-22,21:10:15,5.06
a2085882-c965-4137-ab3b-7f4df3b4ff64,e5f6a7b8-c9d0-8e9f-1a2b-3c4d5e6f7a8b,2026-02-15,07:39:27,4.74
dc30d958-aa39-40f1-ac68-4054b928e287,b2c3d4e5-f6a7-5b6c-9d8e-0f1a2b3c4d5e,2025-08-27,13:17:58,3.82
199c9594-9b6d-41ec-84a6-f1b7b189c10f,d4e5f6a7-b8c9-7d8e-0f1a-2b3c4d5e6f7a,2025-12-26,16:04:37,5.54
8f303c78-a7af-4515-9bf7-0454622b9b2b,e5f6a7b8-c9d0-8e9f-1a2b-3c4d5e6f7a8b,2025-12-31,23:25:12,5.03
77e9a102-41bb-417f-ab75-8ed2e1ee102c,b2c3d4e5-f6a7-5b6c-9d8e-0f1a2b3c4d5e,2025-12-31,20:26:16,4.64
23bbb07f-babd-4c7a-ba49-f00ca2526b2f,a1b2c3d4-e5f6-4a5b-8c7d-9e0f1a2b3c4d,2026-10-24,03:43:50,4.43
2f3222e1-4110-4cba-b911-af01ddd9380c,d4e5f6a7-b8c9-7d8e-0f1a-2b3c4d5e6f7a,2025-11-15,05:52:06,3.61
cc4464c6-c48d-4d8d-9df9-63faa14c6c84,a1b2c3d4-e5f6-4a5b-8c7d-9e0f1a2b3c4d,2026-05-07,02:04:58,3.69
2711793d-0b73-4dab-b436-17d25c2e1148,d4e5f6a7-b8c9-7d8e-0f1a-2b3c4d5e6f7a,2026-05-30,17:42:13,5.69
ae10f1c7-4786-4053-87ab-2ec4bafcc536,b2c3d4e5-f6a7-5b6c-9d8e-0f1a2b3c4d5e,2026-10-20,22:06:00,3.9
5ec4ff78-0487-4c96-bd1f-60c1e6c8f060,e5f6a7b8-c9d0-8e9f-1a2b-3c4d5e6f7a8b,2026-10-22,10:30:42,4.56
3d1370eb-1156-43af-94a7-a2621be513fa,b2c3d4e5-f6a7-5b6c-9d8e-0f1a2b3c4d5e,2026-01-31,13:41:21,3.16
b6991614-0600-4086-8fed-9422cb9c4048,b2c3d4e5-f6a7-5b6c-9d8e-0f1a2b3c4d5e,2025-10-13,19:55:45,5.02
a8a34d54-a640-4726-b57e-154064016210,d4e5f6a7-b8c9-7d8e-0f1a-2b3c4d5e6f7a,2025-03-13,20:27:04,4.47
0e3ada27-bfb2-48ec-96f0-e71086524251,b2c3d4e5-f6a7-5b6c-9d8e-0f1a2b3c4d5e,2026-06-09,02:04:13,4.84
3c0a9575-bc45-414f-b8c1-11725bf816b3,b2c3d4e5-f6a7-5b6c-9d8e-0f1a2b3c4d5e,2026-05-29,17:36:18,4.56
d4871fa2-45c8-476e-bb3b-2f3ea856066c,d4e5f6a7-b8c9-7d8e-0f1a-2b3c4d5e6f7a,2026-10-27,15:58:12,5.07
f5c18508-0437-46ed-af3a-4d09c9a3e161,b2c3d4e5-f6a7-5b6c-9d8e-0f1a2b3c4d5e,2025-04-15,02:51:49,4.74
0b47977d-9722-49af-8782-cf363a1144e1,b2c3d4e5-f6a7-5b6c-9d8e-0f1a2b3c4d5e,2025-04-01,12:31:46,4.37
e590da85-ac42-4f94-9044-066ab9802907,b2c3d4e5-f6a7-5b6c-9d8e-0f1a2b3c4d5e,2025-12-14,10:53:37,4.45
d481e71f-1ea1-4f8e-806f-826e0e58889c,a1b2c3d4-e5f6-4a5b-8c7d-9e0f1a2b3c4d,2025-10-28,03:17:46,5.87
596a4802-a023-4f26-a729-7396ad3a733d,d4e5f6a7-b8c9-7d8e-0f1a-2b3c4d5e6f7a,2025-12-22,21:24:05,4.76
6b861686-c7b4-43de-82f5-b690cccca8e3,e5f6a7b8-c9d0-8e9f-1a2b-3c4d5e6f7a8b,2026-04-12,03:18:36,6.87
a6d786fd-66aa-4bef-a803-9d26ab50ef64,b2c3d4e5-f6a7-5b6c-9d8e-0f1a2b3c4d5e,2025-10-07,11:30:47,6.23
61759553-5c8d-421d-90fe-51773be8408f,d4e5f6a7-b8c9-7d8e-0f1a-2b3c4d5e6f7a,2025-03-10,15:09:52,4.96
4dc9b8dd-5535-4457-b9a2-af070383a7a6,e5f6a7b8-c9d0-8e9f-1a2b-3c4d5e6f7a8b,2026-07-29,11:55:35,3.71
24871a8f-1237-4738-ba02-8afe485143ab,b2c3d4e5-f6a7-5b6c-9d8e-0f1a2b3c4d5e,2026-12-06,12:40:16,5.27
ed3a1a2f-39ec-4680-84ac-9e7b0d943172,d4e5f6a7-b8c9-7d8e-0f1a-2b3c4d5e6f7a,2026-08-12,02:23:34,4.78
fe6ce711-d4ab-4bc6-9307-40c33b46c6d6,a1b2c3d4-e5f6-4a5b-8c7d-9e0f1a2b3c4d,2026-04-04,14:56:12,5.28
d4ecda89-4f3b-4f25-8015-a92a81684856,e5f6a7b8-c9d0-8e9f-1a2b-3c4d5e6f7a8b,2026-11-25,04:04:08,6.35
1deedaf6-0212-4ebf-b61b-80ae37771dda,e5f6a7b8-c9d0-8e9f-1a2b-3c4d5e6f7a8b,2026-12-25,05:21:54,5.09
11c9e27e-63c0-42dd-8121-c71cf56ba4f6,c3d4e5f6-a7b8-6c7d-0e9f-1a2b3c4d5e6f,2025-11-10,00:04:16,3.47
91996c6f-69d1-427d-8c11-2501bd3503ec,b2c3d4e5-f6a7-5b6c-9d8e-0f1a2b3c4d5e,2026-08-22,22:30:46,3.01
4c435e6a-3a1a-4106-8425-3d7fa7ed4ec3,a1b2c3d4-e5f6-4a5b-8c7d-9e0f1a2b3c4d,2025-06-07,18:49:20,3.38
da0f85d0-45a0-443d-b7e8-6c0ba70b9447,e5f6a7b8-c9d0-8e9f-1a2b-3c4d5e6f7a8b,2025-12-05,13:44:52,4.18
faf2fb36-bdd5-429b-9976-959a56bc9610,a1b2c3d4-e5f6-4a5b-8c7d-9e0f1a2b3c4d,2025-12-19,21:48:10,4.92
3f5f62c8-8348-4a2b-8f5a-b7b7b1bb2768,b2c3d4e5-f6a7-5b6c-9d8e-0f1a2b3c4d5e,2026-10-28,10:28:55,6.59
01f2b650-9e93-46b0-ad79-d9368316727c,b2c3d4e5-f6a7-5b6c-9d8e-0f1a2b3c4d5e,2026-11-21,14:13:50,4.9
592ffb80-8b5c-4836-9f49-3b5eb62f38bc,b2c3d4e5-f6a7-5b6c-9d8e-0f1a2b3c4d5e,2025-03-04,08:34:38,5.74
284821af-24ef-455a-94b1-b581aa7306fa,d4e5f6a7-b8c9-7d8e-0f1a-2b3c4d5e6f7a,2025-04-17,06:06:19,5.34
50f6382e-23d6-4ea8-ae85-64a55e07b7fb,a1b2c3d4-e5f6-4a5b-8c7d-9e0f1a2b3c4d,2025-07-01,19:21:10,3.84
3853d49a-f4a6-419a-92c9-b043a94ed060,a1b2c3d4-e5f6-4a5b-8c7d-9e0f1a2b3c4d,2025-12-06,00:05:33,6.78
c82ef1e5-838f-46ab-b823-033ca70b1011,d4e5f6a7-b8c9-7d8e-0f1a-2b3c4d5e6f7a,2025-12-31,02:18:38,5.39
f28eef98-05ff-4b63-9ee3-303211c92e5f,a1b2c3d4-e5f6-4a5b-8c7d-9e0f1a2b3c4d,2025-04-23,09:13:35,6.96
c118c247-10ce-49c0-af81-14894a98d59b,d4e5f6a7-b8c9-7d8e-0f1a-2b3c4d5e6f7a,2026-05-27,11:59:06,5.69
736314a2-297d-4229-bb24-776690474d30,d4e5f6a7-b8c9-7d8e-0f1a-2b3c4d5e6f7a,2025-04-09,22:57:21,3.68
670698b6-e616-4e15-86a8-304fd846daa8,e5f6a7b8-c9d0-8e9f-1a2b-3c4d5e6f7a8b,2026-11-10,02:48:52,5.57
da2d7a27-2d61-4aa6-8b95-a771193d8a67,e5f6a7b8-c9d0-8e9f-1a2b-3c4d5e6f7a8b,2026-11-24,13:26:07,5.19
1c990060-efdb-41fb-8fb8-a84d9f556d47,d4e5f6a7-b8c9-7d8e-0f1a-2b3c4d5e6f7a,2025-01-01,07:35:28,3.47
228062a3-69c4-400c-890f-97b3e092baae,b2c3d4e5-f6a7-5b6c-9d8e-0f1a2b3c4d5e,2026-11-10,14:04:46,3.92
a2646929-17d0-4ef1-a559-8df0c3f3b13a,d4e5f6a7-b8c9-7d8e-0f1a-2b3c4d5e6f7a,2025-12-03,04:19:24,4.09
b78f24c8-62c7-49f8-9c4b-617b2815b581,e5f6a7b8-c9d0-8e9f-1a2b-3c4d5e6f7a8b,2026-01-23,02:36:05,3.46
baca363c-a5ef-4b17-8051-e362d28fb150,a1b2c3d4-e5f6-4a5b-8c7d-9e0f1a2b3c4d,2026-01-03,07:20:17,5.48
84749ce3-72fc-4692-b61c-c07b9db5c858,d4e5f6a7-b8c9-7d8e-0f1a-2b3c4d5e6f7a,2026-02-04,20:40:18,3.92
a8a250d2-4649-4cce-a214-9003a928bfa4,e5f6a7b8-c9d0-8e9f-1a2b-3c4d5e6f7a8b,2025-03-25,08:05:01,5.86
d8926d2b-e5b8-40ab-932b-badbb6e21f32,a1b2c3d4-e5f6-4a5b-8c7d-9e0f1a2b3c4d,2025-05-23,04:51:36,3.34
0978d3cb-70ed-414a-9335-921faa59455b,e5f6a7b8-c9d0-8e9f-1a2b-3c4d5e6f7a8b,2025-10-04,20:41:28,3.97
1d5d39ff-6b86-4711-a777-7c3f3a924242,c3d4e5f6-a7b8-6c7d-0e9f-1a2b3c4d5e6f,2025-12-23,07:03:19,6.43
ff3ad183-0835-4acf-aab2-719b714149ee,b2c3d4e5-f6a7-5b6c-9d8e-0f1a2b3c4d5e,2025-03-01,08:06:51,3.74
9cb2e0af-4789-4aba-b43d-7dbf9c30402c,a1b2c3d4-e5f6-4a5b-8c7d-9e0f1a2b3c4d,2026-04-11,07:12:57,5.27
c47b3af5-0954-4857-8623-67b842105134,e5f6a7b8-c9d0-8e9f-1a2b-3c4d5e6f7a8b,2026-12-22,03:13:14,4.29
02277b93-35c5-45d4-bd96-9731f28e9241,c3d4e5f6-a7b8-6c7d-0e9f-1a2b3c4d5e6f,2026-06-06,22:53:06,3.6
33004d97-5797-4837-9386-e362317104da,c3d4e5f6-a7b8-6c7d-0e9f-1a2b3c4d5e6f,2026-11-11,07:00:50,5.49
05b3c4e5-4c6c-4677-854a-a76bdb7cda48,b2c3d4e5-f6a7-5b6c-9d8e-0f1a2b3c4d5e,2025-07-26,09:27:27,6.74
80336d68-2718-4958-8c34-a433336f0811,a1b2c3d4-e5f6-4a5b-8c7d-9e0f1a2b3c4d,2025-12-25,23:11:56,4.04
10ab1709-2745-4645-b43c-4f0b9036d06c,a1b2c3d4-e5f6-4a5b-8c7d-9e0f1a2b3c4d,2025-12-25,00:03:00,6.74
08ed4591-03dc-47f4-b3d1-45aca61d3dbc,e5f6a7b8-c9d0-8e9f-1a2b-3c4d5e6f7a8b,2025-10-10,19:54:05,4.22
8253288b-043b-4d1b-b0f1-87affc7817b4,a1b2c3d4-e5f6-4a5b-8c7d-9e0f1a2b3c4d,2026-04-15,00:59:02,4.82
19ac4c48-542c-4b7e-8647-97d7bf9e47f8,d4e5f6a7-b8c9-7d8e-0f1a-2b3c4d5e6f7a,2026-07-27,08:10:15,5.03
5a9d53d5-696b-4ff5-8a75-ab24a97a3d7a,c3d4e5f6-a7b8-6c7d-0e9f-1a2b3c4d5e6f,2026-03-21,10:33:13,6.45
cea7965b-e1f0-4b99-b368-c59293f8a757,e5f6a7b8-c9d0-8e9f-1a2b-3c4d5e6f7a8b,2025-07-08,14:43:42,5.33
03c1067d-dc00-45c8-b366-a813d978425e,d4e5f6a7-b8c9-7d8e-0f1a-2b3c4d5e6f7a,2025-02-28,20:05:59,3.17
2498e51b-9e88-45ca-b600-dab95e6ad62f,b2c3d4e5-f6a7-5b6c-9d8e-0f1a2b3c4d5e,2025-02-05,11:02:52,3.52
1feb2cce-cf50-4dc2-8341-f3fa3264e11f,a1b2c3d4-e5f6-4a5b-8c7d-9e0f1a2b3c4d,2026-02-18,18:41:51,5.22
98cc6853-d888-4a8f-960e-1b8430dfb623,d4e5f6a7-b8c9-7d8e-0f1a-2b3c4d5e6f7a,2025-06-15,07:25:28,5.02
0d4cac6e-80c4-449f-af95-1775bf19e778,a1b2c3d4-e5f6-4a5b-8c7d-9e0f1a2b3c4d,2026-11-07,08:31:12,4.42
b3f3fcee-5b65-47b5-a2b5-c39d04de2356,e5f6a7b8-c9d0-8e9f-1a2b-3c4d5e6f7a8b,2025-02-17,04:15:37,6.09
e933bd9d-fc1a-47fe-a3dc-a602fd3b4a40,a1b2c3d4-e5f6-4a5b-8c7d-9e0f1a2b3c4d,2025-07-21,18:15:12,3.31
6b08c560-6502-4ac4-aa51-7ae5085a3af9,a1b2c3d4-e5f6-4a5b-8c7d-9e0f1a2b3c4d,2025-10-04,22:22:57,5.59
652e77ed-f7b5-4dd0-974b-6efeffb041d3,e5f6a7b8-c9d0-8e9f-1a2b-3c4d5e6f7a8b,2026-12-08,23:59:27,3.88
cf0328ff-8c2a-4ca7-8edb-6ac7d72d521c,b2c3d4e5-f6a7-5b6c-9d8e-0f1a2b3c4d5e,2025-11-16,22:47:31,5.37
8cd31d78-95a8-4a38-858e-cac21fce8087,c3d4e5f6-a7b8-6c7d-0e9f-1a2b3c4d5e6f,2025-01-15,01:36:38,4.76
75ed3d17-9618-42a3-b01a-32bd9b4cc93e,c3d4e5f6-a7b8-6c7d-0e9f-1a2b3c4d5e6f,2026-03-29,06:18:04,3.88
fd123539-7092-4a0b-90ab-7bba8de490f3,b2c3d4e5-f6a7-5b6c-9d8e-0f1a2b3c4d5e,2026-06-29,12:03:22,4.36
e3f5dc4c-93c1-4940-bf32-a3e52ad9d59e,b2c3d4e5-f6a7-5b6c-9d8e-0f1a2b3c4d5e,2026-06-09,06:35:36,6.62
558015cd-5526-47aa-9767-6fa5ec0b9e2b,b2c3d4e5-f6a7-5b6c-9d8e-0f1a2b3c4d5e,2025-05-16,02:44:07,5.46
c49a5f57-6e99-4292-b331-19a32683f25e,d4e5f6a7-b8c9-7d8e-0f1a-2b3c4d5e6f7a,2026-08-08,01:14:47,6.99
35f5eac6-af70-4539-a8b3-41e41c5f6de6,a1b2c3d4-e5f6-4a5b-8c7d-9e0f1a2b3c4d,2025-03-09,16:47:34,4.8
250b99b1-c5f2-4fce-af3c-9194be13b5db,c3d4e5f6-a7b8-6c7d-0e9f-1a2b3c4d5e6f,2026-07-14,11:19:47,3.45
802e0664-8467-4df6-a993-f9818d990500,d4e5f6a7-b8c9-7d8e-0f1a-2b3c4d5e6f7a,2026-02-03,19:52:32,6.78
8a736c1c-1dc3-40d7-98c6-6735b64ba647,a1b2c3d4-e5f6-4a5b-8c7d-9e0f1a2b3c4d,2025-07-09,05:24:48,5.67
b481ebc3-570d-4980-81fa-3c91df83be2e,e5f6a7b8-c9d0-8e9f-1a2b-3c4d5e6f7a8b,2025-08-15,02:59:23,5.74
dee2cdf8-2150-499f-8611-13a6c33a80fc,b2c3d4e5-f6a7-5b6c-9d8e-0f1a2b3c4d5e,2026-01-30,05:18:50,6.5
f92564ab-ea88-4d6e-8aa5-28375f07bd26,b2c3d4e5-f6a7-5b6c-9d8e-0f1a2b3c4d5e,2026-10-02,20:14:18,3.88
29ac5f99-e5b9-4027-b040-a2e6e93065f4,a1b2c3d4-e5f6-4a5b-8c7d-9e0f1a2b3c4d,2025-10-08,19:24:46,3.11
ddbfb4d8-8901-4d3f-8c51-774a46635a64,a1b2c3d4-e5f6-4a5b-8c7d-9e0f1a2b3c4d,2026-10-05,12:15:47,5.24
5ddde746-b48e-412f-a477-a687dd42e004,b2c3d4e5-f6a7-5b6c-9d8e-0f1a2b3c4d5e,2026-08-19,06:22:30,6.56
f1124a1e-df91-4c6c-afd3-c74859f99da9,d4e5f6a7-b8c9-7d8e-0f1a-2b3c4d5e6f7a,2025-07-16,22:16:56,3.7
44ccc3c5-6dda-442b-9bde-ac99fbdf910d,a1b2c3d4-e5f6-4a5b-8c7d-9e0f1a2b3c4d,2025-04-13,13:29:14,6.45
ba652e8d-26f0-435a-86c0-f005a40602cc,e5f6a7b8-c9d0-8e9f-1a2b-3c4d5e6f7a8b,2025-09-16,00:48:59,3.28
76b1d5d0-0b7e-4156-b637-bd25414cdc3b,d4e5f6a7-b8c9-7d8e-0f1a-2b3c4d5e6f7a,2025-12-31,05:05:29,5.57
21f649f9-930f-4b65-899b-4485b8b17b85,c3d4e5f6-a7b8-6c7d-0e9f-1a2b3c4d5e6f,2025-05-28,01:46:33,6.05
62b12d52-81ef-4bd2-88b6-7aab53ea3e79,c3d4e5f6-a7b8-6c7d-0e9f-1a2b3c4d5e6f,2026-08-19,03:09:34,6.59
8578c3ee-00b2-45d8-8723-38b8d8568d0a,e5f6a7b8-c9d0-8e9f-1a2b-3c4d5e6f7a8b,2025-12-13,05:42:39,5.88
627103bd-b474-4151-b7e7-adbb6669f8e8,d4e5f6a7-b8c9-7d8e-0f1a-2b3c4d5e6f7a,2026-03-17,09:19:42,6.44
b793f21c-ac16-456a-a684-731b31650a82,d4e5f6a7-b8c9-7d8e-0f1a-2b3c4d5e6f7a,2026-08-08,12:56:09,6.45
06541e66-1873-4032-acb1-13ba826fee75,c3d4e5f6-a7b8-6c7d-0e9f-1a2b3c4d5e6f,2025-01-11,20:42:59,5.34
6be0b88d-32fa-4824-8ee2-f32df8bcc59b,e5f6a7b8-c9d0-8e9f-1a2b-3c4d5e6f7a8b,2026-04-23,09:04:23,5.84
a21fccc2-2c79-4ad1-877a-6ef3473ddcf8,b2c3d4e5-f6a7-5b6c-9d8e-0f1a2b3c4d5e,2026-04-04,18:27:45,6.44
c604696b-edea-4b1c-aa6d-7f5a5a0c36b1,c3d4e5f6-a7b8-6c7d-0e9f-1a2b3c4d5e6f,2026-04-12,23:47:04,5.18
5274d9bc-851e-47f8-a0ba-3b91c231a7ec,e5f6a7b8-c9d0-8e9f-1a2b-3c4d5e6f7a8b,2025-12-25,23:30:27,5.72
b53fa72d-67a0-4492-aed9-6471750343c3,a1b2c3d4-e5f6-4a5b-8c7d-9e0f1a2b3c4d,2025-11-26,19:25:45,6.94
9e150af6-2476-4802-9c5b-47bd923a24e3,a1b2c3d4-e5f6-4a5b-8c7d-9e0f1a2b3c4d,2025-12-05,16:46:33,6.15
6ebc8449-a596-4420-84c8-2a83eabac69f,b2c3d4e5-f6a7-5b6c-9d8e-0f1a2b3c4d5e,2025-11-24,11:30:59,3.92
1267add2-5ad3-4dc4-87f8-870cb748695f,c3d4e5f6-a7b8-6c7d-0e9f-1a2b3c4d5e6f,2026-10-01,02:58:42,3.94
df9dc8b5-aa3d-4cd4-a256-7ce79adc6a3c,c3d4e5f6-a7b8-6c7d-0e9f-1a2b3c4d5e6f,2025-04-20,22:03:03,6.18
b836e94b-4bbe-4ad6-b113-980f0a579dbd,e5f6a7b8-c9d0-8e9f-1a2b-3c4d5e6f7a8b,2026-10-15,19:04:05,5.15
866a49d3-6f7f-4e6f-8cb8-6ab98e3904ed,d4e5f6a7-b8c9-7d8e-0f1a-2b3c4d5e6f7a,2026-05-04,23:35:42,3.57
1a724674-20bb-415b-9b49-08a38074e2a5,b2c3d4e5-f6a7-5b6c-9d8e-0f1a2b3c4d5e,2026-04-02,23:02:23,5.76
2a1606fe-af7f-4936-9d4a-7015cc65fcb5,e5f6a7b8-c9d0-8e9f-1a2b-3c4d5e6f7a8b,2025-09-22,05:53:55,6.28
c9455e61-00f1-402c-a63c-57b34bbffdb1,a1b2c3d4-e5f6-4a5b-8c7d-9e0f1a2b3c4d,2026-06-13,04:56:19,6.94
1c794931-041f-4165-8e10-76e72b4f9d3c,a1b2c3d4-e5f6-4a5b-8c7d-9e0f1a2b3c4d,2025-09-25,02:17:18,4.22
31100920-3625-4fe4-883a-429a8c6833a2,a1b2c3d4-e5f6-4a5b-8c7d-9e0f1a2b3c4d,2025-01-01,06:12:36,5.67
b7a48e0a-62ac-4029-a2e0-8c42c66e65dd,b2c3d4e5-f6a7-5b6c-9d8e-0f1a2b3c4d5e,2026-11-27,19:18:40,5.5
0e96d2f8-640f-44ad-9df8-02b8860f2225,b2c3d4e5-f6a7-5b6c-9d8e-0f1a2b3c4d5e,2026-10-28,10:22:56,6.19
0ec9403a-4ded-4d67-b9c4-82feb0f121d4,d4e5f6a7-b8c9-7d8e-0f1a-2b3c4d5e6f7a,2026-04-18,10:29:28,5.77
f88e775e-f147-4b37-8f93-2d173f7bceaf,c3d4e5f6-a7b8-6c7d-0e9f-1a2b3c4d5e6f,2025-03-29,12:10:05,5.79
9a41ca2e-f36e-43f8-bda4-3b6723559dca,e5f6a7b8-c9d0-8e9f-1a2b-3c4d5e6f7a8b,2025-05-25,20:04:27,4.46
68239cd7-2f1e-42c7-ad75-eb2e07ef4cf3,d4e5f6a7-b8c9-7d8e-0f1a-2b3c4d5e6f7a,2025-07-06,21:01:13,6.88
af42450a-e31a-4a60-9ce2-14add1922454,b2c3d4e5-f6a7-5b6c-9d8e-0f1a2b3c4d5e,2026-06-07,11:19:46,4.75
d83e74ee-8393-4468-9c91-4c505da87ca8,b2c3d4e5-f6a7-5b6c-9d8e-0f1a2b3c4d5e,2025-09-25,19:33:08,4.69
5b8fc5ff-14f1-4266-a476-07a87df52720,e5f6a7b8-c9d0-8e9f-1a2b-3c4d5e6f7a8b,2026-03-01,22:24:32,5.65
67821ea4-f32f-4ac4-bfaf-974eb5f9af4e,c3d4e5f6-a7b8-6c7d-0e9f-1a2b3c4d5e6f,2025-01-27,07:16:04,5.46
f6c50703-e19d-4345-9912-a08ae41632c7,e5f6a7b8-c9d0-8e9f-1a2b-3c4d5e6f7a8b,2026-07-01,15:14:10,4.59
8dfd923a-f020-4fc6-848b-f89ae5c90edd,d4e5f6a7-b8c9-7d8e-0f1a-2b3c4d5e6f7a,2025-11-22,19:37:59,4.25
5edd80e6-1651-4d92-8c1e-a286a71bfd98,c3d4e5f6-a7b8-6c7d-0e9f-1a2b3c4d5e6f,2026-03-29,15:35:45,4.84
e486e062-1d04-4103-be1d-575cc9c1ced8,b2c3d4e5-f6a7-5b6c-9d8e-0f1a2b3c4d5e,2026-09-03,19:44:43,4.93
0e35b5ff-169f-474f-9ef9-6848f7e69ae8,c3d4e5f6-a7b8-6c7d-0e9f-1a2b3c4d5e6f,2025-08-16,04:20:05,3.34
81ebfa3d-69d8-45c5-a1dd-02884c939c0c,b2c3d4e5-f6a7-5b6c-9d8e-0f1a2b3c4d5e,2026-04-04,05:40:58,3.31
64dc3a42-16c1-48ba-ab2a-04d53f81b6dc,e5f6a7b8-c9d0-8e9f-1a2b-3c4d5e6f7a8b,2025-07-20,11:53:27,3.78
5223f4c8-e7c2-4e71-9465-d5b38ff1f609,c3d4e5f6-a7b8-6c7d-0e9f-1a2b3c4d5e6f,2026-02-23,07:16:16,6.29
17e72e1c-d4b0-4abe-8e83-d24b036adf26,b2c3d4e5-f6a7-5b6c-9d8e-0f1a2b3c4d5e,2026-12-31,20:13:03,3.76
28f9bc4a-23a0-404e-853c-66cba659eb92,a1b2c3d4-e5f6-4a5b-8c7d-9e0f1a2b3c4d,2025-04-04,10:56:25,4.06
c8984ff9-24ef-4196-8cec-c9a7cf535b46,c3d4e5f6-a7b8-6c7d-0e9f-1a2b3c4d5e6f,2025-11-17,08:33:10,4.13
c3b5a37e-afdc-42e8-b6fe-1976f566ffc3,e5f6a7b8-c9d0-8e9f-1a2b-3c4d5e6f7a8b,2025-04-08,22:02:03,6.62
fc725893-6d8b-4413-84f7-7ffdb81b2be5,d4e5f6a7-b8c9-7d8e-0f1a-2b3c4d5e6f7a,2026-10-13,09:27:53,5.95
b147ff43-2fd4-4261-9e77-c1adcddf464f,c3d4e5f6-a7b8-6c7d-0e9f-1a2b3c4d5e6f,2026-08-17,23:32:51,5.14
c5d8f54c-c523-4380-8e00-fcf595af8fb0,e5f6a7b8-c9d0-8e9f-1a2b-3c4d5e6f7a8b,2025-06-05,12:39:54,5.15
dabb233c-273e-43f2-9c35-dae19d23db67,a1b2c3d4-e5f6-4a5b-8c7d-9e0f1a2b3c4d,2026-07-03,21:44:35,4.24
89d2a4e9-8dfe-42ba-97fb-bdc3054b9a25,c3d4e5f6-a7b8-6c7d-0e9f-1a2b3c4d5e6f,2026-05-29,03:51:27,3.62
2d59d411-1015-4ca8-86d1-341fe4193525,c3d4e5f6-a7b8-6c7d-0e9f-1a2b3c4d5e6f,2025-12-22,07:56:48,6.04
a7dcdade-c34b-4549-ae94-e5f32e12a148,c3d4e5f6-a7b8-6c7d-0e9f-1a2b3c4d5e6f,2025-05-04,05:27:33,4.82
1686d002-ee5d-4e93-8656-ed1d264875b1,a1b2c3d4-e5f6-4a5b-8c7d-9e0f1a2b3c4d,2026-12-17,03:39:55,3.97
bc59b6ed-2e58-49d3-a1a8-9476e49c3b6f,a1b2c3d4-e5f6-4a5b-8c7d-9e0f1a2b3c4d,2026-05-23,18:12:36,3.76
97b61232-aaac-47a9-ad46-5373971ff18b,a1b2c3d4-e5f6-4a5b-8c7d-9e0f1a2b3c4d,2025-12-08,11:43:54,6.46
2b13727b-459a-4ace-a7e2-999a3b76ced7,e5f6a7b8-c9d0-8e9f-1a2b-3c4d5e6f7a8b,2025-02-18,03:47:00,5.32
c02955ea-04d5-4ad0-859b-89e11bfeb7cf,b2c3d4e5-f6a7-5b6c-9d8e-0f1a2b3c4d5e,2026-10-21,11:54:42,4.69
7db166b9-2caa-47d7-a94c-f152c6587c6d,c3d4e5f6-a7b8-6c7d-0e9f-1a2b3c4d5e6f,2026-06-15,02:26:48,6.62
3d09e359-8115-4e42-8aba-7ac1bf330058,d4e5f6a7-b8c9-7d8e-0f1a-2b3c4d5e6f7a,2025-05-19,00:25:21,5.37
011ee92c-1a4b-4d4c-be5e-76130491554f,d4e5f6a7-b8c9-7d8e-0f1a-2b3c4d5e6f7a,2025-01-23,05:50:25,6.18
e0193329-8ee8-4ace-bbf6-6dc0762a5885,a1b2c3d4-e5f6-4a5b-8c7d-9e0f1a2b3c4d,2025-02-09,23:22:15,3.84
84c76491-7dce-405f-a396-925d7f6ca404,c3d4e5f6-a7b8-6c7d-0e9f-1a2b3c4d5e6f,2026-02-01,13:16:37,3.47
7ec8d202-5645-4871-b6fc-dfb9ca482404,c3d4e5f6-a7b8-6c7d-0e9f-1a2b3c4d5e6f,2026-04-18,12:46:16,5.6
a54a839b-78ea-422a-9337-e3053f1f80de,d4e5f6a7-b8c9-7d8e-0f1a-2b3c4d5e6f7a,2025-07-06,06:37:35,6.41
883c5cf5-8f84-419a-92ca-62e78dad8e60,a1b2c3d4-e5f6-4a5b-8c7d-9e0f1a2b3c4d,2026-11-09,02:38:25,6.65
9313a046-0aa9-473a-a2d6-067c2728a74c,e5f6a7b8-c9d0-8e9f-1a2b-3c4d5e6f7a8b,2026-12-30,11:57:53,6.1
efcedda8-1f25-458e-80ba-4f0fc5eb1438,b2c3d4e5-f6a7-5b6c-9d8e-0f1a2b3c4d5e,2025-02-23,16:05:53,4.0
5f596e0e-aae3-436e-8a1c-3ea3c133b82c,c3d4e5f6-a7b8-6c7d-0e9f-1a2b3c4d5e6f,2026-02-02,00:00:50,6.67
17431cdf-e10d-4348-8fab-e8216c988a90,a1b2c3d4-e5f6-4a5b-8c7d-9e0f1a2b3c4d,2026-05-30,16:15:33,3.35
d71cf02b-94cb-43eb-b124-c2a1a5d817a5,c3d4e5f6-a7b8-6c7d-0e9f-1a2b3c4d5e6f,2026-11-25,06:58:26,5.39
3f4365ac-6757-4813-a324-77df8a6f522f,e5f6a7b8-c9d0-8e9f-1a2b-3c4d5e6f7a8b,2026-08-23,06:11:35,6.24
da32fa35-acb4-4802-91b5-4423771cbf44,b2c3d4e5-f6a7-5b6c-9d8e-0f1a2b3c4d5e,2026-12-12,14:56:02,5.15
68936dca-4434-4a4e-9587-f43fd4812db8,c3d4e5f6-a7b8-6c7d-0e9f-1a2b3c4d5e6f,2025-04-24,15:27:12,4.57
2a26b257-d985-4912-8415-817299ceb2eb,a1b2c3d4-e5f6-4a5b-8c7d-9e0f1a2b3c4d,2025-12-08,22:41:17,6.85
5cea8ddd-ad1c-446a-ada2-b6281bde7708,b2c3d4e5-f6a7-5b6c-9d8e-0f1a2b3c4d5e,2025-08-12,06:44:03,5.41
17d76d48-9617-484f-bd30-ea3e66eba802,e5f6a7b8-c9d0-8e9f-1a2b-3c4d5e6f7a8b,2026-07-05,20:29:35,3.64
4ecc6e5b-28a2-4b68-bc5e-99e7acb44651,a1b2c3d4-e5f6-4a5b-8c7d-9e0f1a2b3c4d,2026-10-29,06:53:10,3.33
99297b85-d05b-4644-9b77-00107a6d017d,b2c3d4e5-f6a7-5b6c-9d8e-0f1a2b3c4d5e,2026-11-30,09:37:33,4.99
6e6f418e-8463-4316-8328-7cc10656b7a3,e5f6a7b8-c9d0-8e9f-1a2b-3c4d5e6f7a8b,2025-10-31,09:14:39,5.06
daef715e-454b-4f7e-99ff-73e6344f7a96,e5f6a7b8-c9d0-8e9f-1a2b-3c4d5e6f7a8b,2026-06-20,06:55:17,5.82
73889547-e17e-4069-9c49-b7a675fd3b9b,e5f6a7b8-c9d0-8e9f-1a2b-3c4d5e6f7a8b,2025-01-28,14:17:56,4.69
a012e0ed-2a62-40df-84e0-c98b4dc31673,d4e5f6a7-b8c9-7d8e-0f1a-2b3c4d5e6f7a,2026-05-01,11:35:44,5.2
24e3b7fc-7999-496c-a6b3-9d2c3a435517,a1b2c3d4-e5f6-4a5b-8c7d-9e0f1a2b3c4d,2026-08-03,20:49:18,6.48
ad92f05a-21bc-4a62-9bb0-5283b2023ac0,c3d4e5f6-a7b8-6c7d-0e9f-1a2b3c4d5e6f,2026-05-07,14:17:49,6.02
21988c8d-c972-45f4-a162-b051e3db442e,a1b2c3d4-e5f6-4a5b-8c7d-9e0f1a2b3c4d,2026-05-31,18:36:32,5.38
3662da81-e1c9-4ea4-82f9-28ea5c0a5bb1,e5f6a7b8-c9d0-8e9f-1a2b-3c4d5e6f7a8b,2025-06-29,19:50:23,5.05
048878f9-c3b7-429b-ae45-80cf8fea88b8,c3d4e5f6-a7b8-6c7d-0e9f-1a2b3c4d5e6f,2026-06-14,07:00:09,3.48
669ac775-312e-4929-b96b-6df8b3468e3f,b2c3d4e5-f6a7-5b6c-9d8e-0f1a2b3c4d5e,2026-01-03,00:16:18,4.48
0e0f8519-943a-4127-837f-2a8035691b49,d4e5f6a7-b8c9-7d8e-0f1a-2b3c4d5e6f7a,2025-09-01,22:44:14,4.27
4f899f40-c005-43d6-9b0a-3d571078d8e5,b2c3d4e5-f6a7-5b6c-9d8e-0f1a2b3c4d5e,2025-11-24,21:28:23,4.6
5eed8790-2a9e-4c21-b758-98e5d1bd9863,b2c3d4e5-f6a7-5b6c-9d8e-0f1a2b3c4d5e,2025-06-02,14:21:50,3.02
5181060d-885b-47aa-859c-a3c33a49d029,e5f6a7b8-c9d0-8e9f-1a2b-3c4d5e6f7a8b,2025-07-19,12:37:21,6.76
39748083-2c1e-49ea-878d-70bdda70db06,e5f6a7b8-c9d0-8e9f-1a2b-3c4d5e6f7a8b,2026-09-25,21:47:13,4.66
c11a7a53-91ac-4bd9-adbf-55c24f5170d7,b2c3d4e5-f6a7-5b6c-9d8e-0f1a2b3c4d5e,2026-09-17,12:55:56,4.6
e5410095-77c6-4736-abd6-1a472c1f61ae,d4e5f6a7-b8c9-7d8e-0f1a-2b3c4d5e6f7a,2025-01-27,15:44:44,5.92
7f199d46-fbb7-4d96-802e-0a2aeb665e66,a1b2c3d4-e5f6-4a5b-8c7d-9e0f1a2b3c4d,2025-02-04,23:33:42,3.08
1eb81890-e9e7-4496-a50f-d91ad6f87c38,a1b2c3d4-e5f6-4a5b-8c7d-9e0f1a2b3c4d,2026-03-11,15:36:43,4.56
87e1d5a2-94e6-4fb0-be67-afe06b19a161,b2c3d4e5-f6a7-5b6c-9d8e-0f1a2b3c4d5e,2026-01-15,20:01:06,3.59
a362d805-e220-4f9f-bd97-47ba0b46245d,b2c3d4e5-f6a7-5b6c-9d8e-0f1a2b3c4d5e,2025-10-09,15:12:37,6.62
4003bfab-1491-448e-8d02-723b206c2733,b2c3d4e5-f6a7-5b6c-9d8e-0f1a2b3c4d5e,2025-05-04,17:50:16,5.18
a07976f3-913e-493a-acb6-f71a587c11a6,c3d4e5f6-a7b8-6c7d-0e9f-1a2b3c4d5e6f,2026-06-24,08:49:50,6.05
89defd11-c006-4fd1-98d5-c385185a8f1e,c3d4e5f6-a7b8-6c7d-0e9f-1a2b3c4d5e6f,2025-07-05,21:40:22,5.88
52fe13de-120d-472a-8a76-40fada8600b1,e5f6a7b8-c9d0-8e9f-1a2b-3c4d5e6f7a8b,2026-04-21,18:12:41,6.94
db764a4b-1d69-4509-b308-8eaf444c31f0,d4e5f6a7-b8c9-7d8e-0f1a-2b3c4d5e6f7a,2025-11-21,09:33:10,5.11
88249f59-64e9-4b8a-8c77-4009837de70a,d4e5f6a7-b8c9-7d8e-0f1a-2b3c4d5e6f7a,2026-01-27,17:45:22,4.18
eea36c89-2e94-489f-a2f2-d9f2a58616c5,e5f6a7b8-c9d0-8e9f-1a2b-3c4d5e6f7a8b,2026-01-17,03:42:58,4.43
619fab8b-c110-43a1-9964-6f0d6941887e,c3d4e5f6-a7b8-6c7d-0e9f-1a2b3c4d5e6f,2025-04-07,17:56:46,5.43
ec296156-8cd0-463b-8161-f5f13f3256fc,e5f6a7b8-c9d0-8e9f-1a2b-3c4d5e6f7a8b,2026-01-10,11:52:52,4.24
dcf3ae46-d41f-4844-9eb4-059cf4f488eb,e5f6a7b8-c9d0-8e9f-1a2b-3c4d5e6f7a8b,2025-02-05,03:27:18,6.95
61b47d50-76f9-4206-a7b3-a482ea890659,d4e5f6a7-b8c9-7d8e-0f1a-2b3c4d5e6f7a,2026-10-21,14:51:20,3.37
fcce271c-4faf-43f2-924b-d49309ca41eb,b2c3d4e5-f6a7-5b6c-9d8e-0f1a2b3c4d5e,2025-08-19,15:43:51,6.06
34edf5c6-9e7a-45f7-a091-bce0db9d2293,e5f6a7b8-c9d0-8e9f-1a2b-3c4d5e6f7a8b,2026-10-03,22:07:34,6.56
407ba174-8254-47ba-b518-67d031217536,e5f6a7b8-c9d0-8e9f-1a2b-3c4d5e6f7a8b,2026-09-25,04:00:22,6.91
f6486137-e411-4ccd-baad-8d95fd9fa4cc,a1b2c3d4-e5f6-4a5b-8c7d-9e0f1a2b3c4d,2025-11-19,13:23:07,6.68
2fe03011-8d63-4202-9863-b84718748676,d4e5f6a7-b8c9-7d8e-0f1a-2b3c4d5e6f7a,2025-07-14,13:32:33,3.17
11ea3656-b9b1-4906-985d-a4e85a206acf,b2c3d4e5-f6a7-5b6c-9d8e-0f1a2b3c4d5e,2026-09-11,04:17:14,6.33
0b72c7dc-9a7c-4968-a668-6bd76952834f,b2c3d4e5-f6a7-5b6c-9d8e-0f1a2b3c4d5e,2025-07-08,19:08:03,6.34
aebe08b0-b76b-4884-b420-2261af5babda,b2c3d4e5-f6a7-5b6c-9d8e-0f1a2b3c4d5e,2025-01-25,19:25:43,3.86
63242ff7-fabd-4c8b-9188-fbcec98adec4,a1b2c3d4-e5f6-4a5b-8c7d-9e0f1a2b3c4d,2025-03-15,18:49:02,3.87
bd319704-b988-45b4-a24e-3ee24dac60bf,a1b2c3d4-e5f6-4a5b-8c7d-9e0f1a2b3c4d,2025-10-31,16:39:36,4.96
7b2ee18d-3dcd-4b46-816c-4bdf91dcb396,e5f6a7b8-c9d0-8e9f-1a2b-3c4d5e6f7a8b,2025-10-15,01:15:48,6.11
c23a03ef-0d3f-41c2-b83c-1b64ca710d09,a1b2c3d4-e5f6-4a5b-8c7d-9e0f1a2b3c4d,2025-04-06,15:23:05,4.78
bffa2440-6047-4fba-a58a-03c8d412c217,a1b2c3d4-e5f6-4a5b-8c7d-9e0f1a2b3c4d,2026-05-26,17:06:01,3.75
803eb64b-e66e-4d16-b3a3-dbe439f9478d,b2c3d4e5-f6a7-5b6c-9d8e-0f1a2b3c4d5e,2026-08-07,01:20:20,6.36
3069b875-db48-4670-bc81-e0ebaa6e2f3d,c3d4e5f6-a7b8-6c7d-0e9f-1a2b3c4d5e6f,2025-07-01,02:16:38,4.13
2c695af1-6241-4e21-8358-e9cb7529f205,d4e5f6a7-b8c9-7d8e-0f1a-2b3c4d5e6f7a,2026-03-11,15:37:28,5.13
2413d723-5d43-40d2-8bca-2610c75b87e8,b2c3d4e5-f6a7-5b6c-9d8e-0f1a2b3c4d5e,2026-06-24,17:04:31,3.3
46d4260b-1247-4427-ac4d-7296d4f1abe9,c3d4e5f6-a7b8-6c7d-0e9f-1a2b3c4d5e6f,2025-09-21,13:21:01,5.77
66bac763-7e7d-4a01-9836-90b63a40a5f4,b2c3d4e5-f6a7-5b6c-9d8e-0f1a2b3c4d5e,2026-08-27,17:50:46,6.33
c40f38ab-42c0-4df2-9c76-c55322d0d84f,d4e5f6a7-b8c9-7d8e-0f1a-2b3c4d5e6f7a,2025-04-13,03:33:49,6.74
51931bb4-3513-4217-8259-90c90a9cf056,e5f6a7b8-c9d0-8e9f-1a2b-3c4d5e6f7a8b,2025-05-06,16:24:03,4.61
dcd6449b-aa8e-429e-85f7-47bc80ca1b40,c3d4e5f6-a7b8-6c7d-0e9f-1a2b3c4d5e6f,2026-05-30,01:31:15,3.95
8a246393-d762-465a-92f6-bd981eb86c44,d4e5f6a7-b8c9-7d8e-0f1a-2b3c4d5e6f7a,2026-06-09,20:45:16,3.91
66c4c536-79ed-4ec9-b536-26264b1a8945,a1b2c3d4-e5f6-4a5b-8c7d-9e0f1a2b3c4d,2025-08-20,00:38:11,5.15
ab44aa76-f2d0-477f-8432-6a81913e821e,e5f6a7b8-c9d0-8e9f-1a2b-3c4d5e6f7a8b,2025-12-07,17:10:03,6.06
b68c030f-4c9a-4070-9a38-787dfb2264b3,e5f6a7b8-c9d0-8e9f-1a2b-3c4d5e6f7a8b,2026-09-05,05:59:33,4.03
61eb3b2d-e5bf-4ddc-be62-82b9f3b2ba37,d4e5f6a7-b8c9-7d8e-0f1a-2b3c4d5e6f7a,2025-12-06,23:51:12,6.16
4ef09ed7-4225-4db8-9324-b0725d137578,b2c3d4e5-f6a7-5b6c-9d8e-0f1a2b3c4d5e,2025-05-26,12:07:51,6.09
5367c829-b9ba-49ff-8613-33a23632eeeb,c3d4e5f6-a7b8-6c7d-0e9f-1a2b3c4d5e6f,2025-03-01,09:46:22,6.94
40e27d9a-46af-41b2-a699-e92a6f34e576,b2c3d4e5-f6a7-5b6c-9d8e-0f1a2b3c4d5e,2026-10-04,07:24:09,6.22
886d6275-e93c-46ca-b1cc-654d5749cd15,a1b2c3d4-e5f6-4a5b-8c7d-9e0f1a2b3c4d,2026-09-29,14:29:06,6.75
5a7a1b97-bef7-4764-83b8-6dc013ad4316,b2c3d4e5-f6a7-5b6c-9d8e-0f1a2b3c4d5e,2026-07-24,21:17:49,5.16
f213158c-303c-4a35-96bf-88272b5eb00b,e5f6a7b8-c9d0-8e9f-1a2b-3c4d5e6f7a8b,2025-08-08,16:37:42,3.58
f4d9a884-151e-4dee-9869-e751e8f21854,d4e5f6a7-b8c9-7d8e-0f1a-2b3c4d5e6f7a,2026-08-25,05:10:48,4.03
47f0ed1e-1278-4da4-9867-6320964789f7,b2c3d4e5-f6a7-5b6c-9d8e-0f1a2b3c4d5e,2025-07-24,07:58:21,3.32
8b60b586-8a35-4bfb-9144-e7ade077f52a,d4e5f6a7-b8c9-7d8e-0f1a-2b3c4d5e6f7a,2025-09-29,19:49:14,6.01
3cff9b08-c282-4e04-8820-ae6a85c09eda,e5f6a7b8-c9d0-8e9f-1a2b-3c4d5e6f7a8b,2026-02-10,20:06:25,4.41
bab4d235-a2cb-4351-afd3-02cebeacf915,d4e5f6a7-b8c9-7d8e-0f1a-2b3c4d5e6f7a,2025-09-17,00:29:18,5.42
098c0bb2-fabf-4eef-8d97-17ab52290c86,c3d4e5f6-a7b8-6c7d-0e9f-1a2b3c4d5e6f,2025-12-01,01:16:28,6.4
eac76968-2fba-4c73-b143-409b9816a0eb,b2c3d4e5-f6a7-5b6c-9d8e-0f1a2b3c4d5e,2025-04-26,08:09:36,4.17
0df836bb-e30d-4cc3-9209-010ec1334363,b2c3d4e5-f6a7-5b6c-9d8e-0f1a2b3c4d5e,2025-04-28,21:48:22,3.12
86793ba1-84e0-4e8a-921b-6f2b59fecad2,c3d4e5f6-a7b8-6c7d-0e9f-1a2b3c4d5e6f,2026-04-16,06:57:37,3.62
a105d717-4ae1-4375-be5b-f5241b98a348,e5f6a7b8-c9d0-8e9f-1a2b-3c4d5e6f7a8b,2025-08-19,18:12:37,4.9
7fee6bb9-420b-4699-89ca-d820cac00d37,d4e5f6a7-b8c9-7d8e-0f1a-2b3c4d5e6f7a,2025-12-28,11:14:55,4.48
28aaf23b-2bb8-4921-9cf2-819a66e2c9d5,d4e5f6a7-b8c9-7d8e-0f1a-2b3c4d5e6f7a,2025-07-29,21:00:09,4.81
1519a9f8-f488-465e-8db8-09f3f8854aa3,e5f6a7b8-c9d0-8e9f-1a2b-3c4d5e6f7a8b,2025-07-05,03:09:39,6.82
55444a87-b860-4a88-82ee-a4c43a0a0f90,e5f6a7b8-c9d0-8e9f-1a2b-3c4d5e6f7a8b,2025-11-21,06:34:07,6.32
2274524b-432c-49fb-95b2-cf1d0b591154,b2c3d4e5-f6a7-5b6c-9d8e-0f1a2b3c4d5e,2026-05-12,18:45:59,4.42
ec6b552b-e66c-45ce-9783-a4fef9018464,c3d4e5f6-a7b8-6c7d-0e9f-1a2b3c4d5e6f,2025-02-25,04:22:23,6.75
6f706d7c-f7f8-4388-b8a8-b3be32ecb960,d4e5f6a7-b8c9-7d8e-0f1a-2b3c4d5e6f7a,2025-10-18,15:05:00,5.98
9e62852a-3942-4190-ba7a-fee50d8d5139,b2c3d4e5-f6a7-5b6c-9d8e-0f1a2b3c4d5e,2025-01-30,23:41:32,6.44
6237a463-88cb-4148-8b47-70556dce84f6,e5f6a7b8-c9d0-8e9f-1a2b-3c4d5e6f7a8b,2026-07-16,00:26:48,3.41
00bb488a-573c-41c1-b9b4-b651a9aae622,d4e5f6a7-b8c9-7d8e-0f1a-2b3c4d5e6f7a,2025-05-27,08:13:49,4.34
f4025286-35ac-4926-aaad-70cb04bcdb54,b2c3d4e5-f6a7-5b6c-9d8e-0f1a2b3c4d5e,2025-11-15,18:24:21,6.88
155307fd-7b35-443a-bd26-0eda6de7899c,a1b2c3d4-e5f6-4a5b-8c7d-9e0f1a2b3c4d,2025-04-07,21:13:57,6.69
fd2644e4-00f9-4400-b515-bed9c06601cb,d4e5f6a7-b8c9-7d8e-0f1a-2b3c4d5e6f7a,2025-04-27,09:32:34,6.9
8a52fbe3-382d-4d43-a052-a4b9d61c55a3,e5f6a7b8-c9d0-8e9f-1a2b-3c4d5e6f7a8b,2025-01-26,05:48:42,3.05
5b296914-57da-4fbf-8677-c74c99bafdb9,e5f6a7b8-c9d0-8e9f-1a2b-3c4d5e6f7a8b,2026-01-22,18:07:21,5.07
0da4f001-a86a-4fe5-8991-4affc95b99a6,d4e5f6a7-b8c9-7d8e-0f1a-2b3c4d5e6f7a,2026-08-12,07:44:14,5.32
a5c3f534-064d-40f7-a2a3-6b8d1c52b08e,c3d4e5f6-a7b8-6c7d-0e9f-1a2b3c4d5e6f,2025-09-18,19:22:40,4.85
173f2234-dd63-48b6-851e-64741a11ebb8,a1b2c3d4-e5f6-4a5b-8c7d-9e0f1a2b3c4d,2026-09-14,12:03:54,4.07
0a71ea4c-fd8d-4708-bc40-53fd6fd9e57d,d4e5f6a7-b8c9-7d8e-0f1a-2b3c4d5e6f7a,2026-12-15,03:24:32,5.74
234744ae-b635-4271-97bd-4aba141f08f0,c3d4e5f6-a7b8-6c7d-0e9f-1a2b3c4d5e6f,2026-03-22,17:01:25,3.32
baa62035-9b9a-481f-8a02-a25659c515a3,c3d4e5f6-a7b8-6c7d-0e9f-1a2b3c4d5e6f,2026-01-26,03:59:03,4.04
62cfc247-d48d-4b6a-9e9b-8a24d44d6a7e,e5f6a7b8-c9d0-8e9f-1a2b-3c4d5e6f7a8b,2026-10-13,06:53:04,4.17
579e2492-80fd-43ee-a256-f4d71b1fac4b,a1b2c3d4-e5f6-4a5b-8c7d-9e0f1a2b3c4d,2025-02-20,06:09:04,6.08
d80a8c83-5f2b-4021-8e0e-861911f9d18c,e5f6a7b8-c9d0-8e9f-1a2b-3c4d5e6f7a8b,2025-02-14,03:13:50,3.97
9f018770-3297-404e-915d-a8c7f296834e,a1b2c3d4-e5f6-4a5b-8c7d-9e0f1a2b3c4d,2025-11-23,05:39:53,5.47
18071668-9d59-44be-8700-e4200e53f028,c3d4e5f6-a7b8-6c7d-0e9f-1a2b3c4d5e6f,2026-03-20,19:50:45,4.82
93abf55d-9a86-4d9e-a389-c155ecbcc988,b2c3d4e5-f6a7-5b6c-9d8e-0f1a2b3c4d5e,2026-10-02,06:56:22,3.47
0281e474-aa26-45c0-9b10-35b66bc17cfe,b2c3d4e5-f6a7-5b6c-9d8e-0f1a2b3c4d5e,2026-07-02,23:30:59,4.42
866a1c93-bd66-4c43-a0e9-6f7b04d5b328,b2c3d4e5-f6a7-5b6c-9d8e-0f1a2b3c4d5e,2026-09-25,19:18:55,4.86
30929e9e-177e-4239-b536-03db446ea500,e5f6a7b8-c9d0-8e9f-1a2b-3c4d5e6f7a8b,2026-06-27,23:59:35,4.78
21633f67-15e2-4f32-8de4-4e65de5ae973,e5f6a7b8-c9d0-8e9f-1a2b-3c4d5e6f7a8b,2026-01-07,14:59:11,6.85
b032c8af-db59-4c2e-a943-7a73d52a584d,d4e5f6a7-b8c9-7d8e-0f1a-2b3c4d5e6f7a,2026-09-12,16:12:02,6.6
1217d234-77b8-4eff-8144-e3fcd91dd42b,c3d4e5f6-a7b8-6c7d-0e9f-1a2b3c4d5e6f,2026-07-25,08:25:46,5.29
da55279b-abc8-42af-b844-b56a50cd3e82,d4e5f6a7-b8c9-7d8e-0f1a-2b3c4d5e6f7a,2026-10-28,02:07:38,4.28
22f2f3be-6bf7-40eb-9b53-54100d1ec7f0,b2c3d4e5-f6a7-5b6c-9d8e-0f1a2b3c4d5e,2026-01-04,04:27:25,6.96
a1107d71-cac9-4c79-b55a-50104facdc47,a1b2c3d4-e5f6-4a5b-8c7d-9e0f1a2b3c4d,2026-01-22,14:40:54,4.06
499b29e5-105c-4239-87fd-bb880834e8f3,c3d4e5f6-a7b8-6c7d-0e9f-1a2b3c4d5e6f,2025-03-08,08:37:39,3.37
06dc1d2f-dd1f-4d7b-a85b-f3344dd1907e,a1b2c3d4-e5f6-4a5b-8c7d-9e0f1a2b3c4d,2025-08-01,11:37:55,6.2
57e6f374-ee7c-45c3-9493-4302032eaa9d,a1b2c3d4-e5f6-4a5b-8c7d-9e0f1a2b3c4d,2026-04-16,03:33:21,6.28
32ca7266-04f1-423a-b45e-7ccb1246c00f,c3d4e5f6-a7b8-6c7d-0e9f-1a2b3c4d5e6f,2025-04-11,10:10:09,3.39
11479c45-94bc-4625-8e54-59daf5ca3652,a1b2c3d4-e5f6-4a5b-8c7d-9e0f1a2b3c4d,2026-02-02,23:39:58,3.05
1f331b0f-e2c9-404d-82f6-40ebffb8ebbb,c3d4e5f6-a7b8-6c7d-0e9f-1a2b3c4d5e6f,2025-04-12,07:55:56,5.63
07de9b63-e2bb-4c93-8c3f-f4764576d0af,d4e5f6a7-b8c9-7d8e-0f1a-2b3c4d5e6f7a,2025-12-18,02:18:49,3.92
eb949e38-18cf-48ce-aa6c-c0385ca69986,a1b2c3d4-e5f6-4a5b-8c7d-9e0f1a2b3c4d,2026-10-27,12:02:25,5.66
df441d67-3f98-43bd-9f48-da296c33af51,b2c3d4e5-f6a7-5b6c-9d8e-0f1a2b3c4d5e,2025-04-20,20:11:45,3.43
35c5fb04-5244-4b72-acb5-0d65abe596da,b2c3d4e5-f6a7-5b6c-9d8e-0f1a2b3c4d5e,2025-09-21,12:29:37,4.48
92560183-2499-482a-be6a-a1ff64d86b67,c3d4e5f6-a7b8-6c7d-0e9f-1a2b3c4d5e6f,2025-02-28,11:32:47,4.77
f9b9dde1-63f5-496f-95a6-90b11927fa6e,e5f6a7b8-c9d0-8e9f-1a2b-3c4d5e6f7a8b,2026-07-28,07:44:31,6.96
ea5a577e-f97b-4f9b-924d-0f673b3f92cf,c3d4e5f6-a7b8-6c7d-0e9f-1a2b3c4d5e6f,2025-07-03,02:33:39,4.35
6b9335f8-fdff-4fa6-b366-13cf9e92271f,d4e5f6a7-b8c9-7d8e-0f1a-2b3c4d5e6f7a,2025-10-02,18:42:47,3.38
37e1e19c-52f7-4bfa-91e9-50846a615e56,c3d4e5f6-a7b8-6c7d-0e9f-1a2b3c4d5e6f,2026-02-08,14:08:24,5.26
677f6a7b-e1bd-41b8-a547-1d3ef9c5fe87,c3d4e5f6-a7b8-6c7d-0e9f-1a2b3c4d5e6f,2025-02-26,23:29:29,6.65
8b23283f-f972-4e98-90df-0e6cc1266ca7,b2c3d4e5-f6a7-5b6c-9d8e-0f1a2b3c4d5e,2026-02-15,20:05:05,3.29
3868c028-ac5f-44fd-9371-8feb6ceb6990,d4e5f6a7-b8c9-7d8e-0f1a-2b3c4d5e6f7a,2026-10-03,08:20:21,4.52
177011d9-d6ba-4c7b-ab40-96b190e314c9,c3d4e5f6-a7b8-6c7d-0e9f-1a2b3c4d5e6f,2025-07-21,10:52:11,6.4
855e2b66-0bad-4185-96a1-80ab19c4e30e,c3d4e5f6-a7b8-6c7d-0e9f-1a2b3c4d5e6f,2026-12-03,07:06:41,4.53
13ea84cb-7446-4879-8a8c-d09fe6abc9e7,e5f6a7b8-c9d0-8e9f-1a2b-3c4d5e6f7a8b,2026-04-05,17:49:35,5.06
18c10678-18f2-499f-8e3b-1d7b6b391f75,a1b2c3d4-e5f6-4a5b-8c7d-9e0f1a2b3c4d,2026-12-12,07:46:56,4.02
260b8a20-0f2d-4ad4-93fc-b51b66e7d850,c3d4e5f6-a7b8-6c7d-0e9f-1a2b3c4d5e6f,2025-07-06,19:15:15,6.73
6c67dab3-6762-4fdc-b48a-e8225c7dfc84,c3d4e5f6-a7b8-6c7d-0e9f-1a2b3c4d5e6f,2025-09-02,13:37:32,6.95
fe108ec7-68d5-444b-a869-066e2e466595,a1b2c3d4-e5f6-4a5b-8c7d-9e0f1a2b3c4d,2026-02-01,05:48:56,5.96
e102faa4-1f47-4003-90aa-6eac30eccc94,e5f6a7b8-c9d0-8e9f-1a2b-3c4d5e6f7a8b,2026-10-13,19:13:32,3.45
4ccdd3f0-b0db-4f57-9582-35fba06830df,d4e5f6a7-b8c9-7d8e-0f1a-2b3c4d5e6f7a,2025-03-03,06:19:32,6.12
697eec9a-421d-4761-90cd-9f3949cbf606,c3d4e5f6-a7b8-6c7d-0e9f-1a2b3c4d5e6f,2025-08-03,00:52:13,4.38
c422eff6-cfcc-474d-b05c-350da4fad1ea,e5f6a7b8-c9d0-8e9f-1a2b-3c4d5e6f7a8b,2025-02-28,06:06:43,5.32
3b37c37a-d9f0-447c-92bd-92409f7acc06,e5f6a7b8-c9d0-8e9f-1a2b-3c4d5e6f7a8b,2025-04-02,22:02:38,5.3
11e8c319-9550-4d69-8fe8-4a7c5c69ba47,c3d4e5f6-a7b8-6c7d-0e9f-1a2b3c4d5e6f,2026-04-27,08:16:15,6.39
ab65e44f-401f-4757-b0a9-e6fe0a25e400,b2c3d4e5-f6a7-5b6c-9d8e-0f1a2b3c4d5e,2026-03-10,18:28:11,5.38
ea1493ba-0b69-4317-8a4e-4fc7e848b9f9,e5f6a7b8-c9d0-8e9f-1a2b-3c4d5e6f7a8b,2026-04-27,15:46:12,3.56
c637a69a-d2c0-458d-94f7-780a3a1b94ef,a1b2c3d4-e5f6-4a5b-8c7d-9e0f1a2b3c4d,2026-09-26,07:00:37,6.4
e0abdbb5-aed5-4cb4-ae78-5a92c7c5fe3e,e5f6a7b8-c9d0-8e9f-1a2b-3c4d5e6f7a8b,2026-02-10,21:09:26,3.87
4b259ad3-8ed6-4251-a073-0c5efb98f3c5,e5f6a7b8-c9d0-8e9f-1a2b-3c4d5e6f7a8b,2026-04-15,02:42:27,5.28
f93efe8f-e6eb-43e9-b0e4-1e438d663ab3,b2c3d4e5-f6a7-5b6c-9d8e-0f1a2b3c4d5e,2025-07-31,10:07:21,3.66
43db42ab-d8dd-4516-b42a-fd2ec1107ccf,a1b2c3d4-e5f6-4a5b-8c7d-9e0f1a2b3c4d,2025-12-09,00:45:25,4.81
dc0624c5-321a-4c3d-aaeb-b17c0679660c,d4e5f6a7-b8c9-7d8e-0f1a-2b3c4d5e6f7a,2025-03-01,17:53:10,3.25
913ac2ef-3708-4ae9-9707-0c8dde32d9e5,d4e5f6a7-b8c9-7d8e-0f1a-2b3c4d5e6f7a,2025-02-22,08:26:05,3.7
929684e2-fb51-4e64-a0ee-955112a1271c,d4e5f6a7-b8c9-7d8e-0f1a-2b3c4d5e6f7a,2025-04-09,08:10:34,4.94
d7637197-6732-4e9a-9788-f85700171812,e5f6a7b8-c9d0-8e9f-1a2b-3c4d5e6f7a8b,2026-07-29,12:59:32,3.92
30d45b73-8e0a-438d-8893-ddd7fd3961f9,e5f6a7b8-c9d0-8e9f-1a2b-3c4d5e6f7a8b,2025-12-28,00:54:09,4.08
ecba4c20-d267-4295-85b4-b99d707142c0,c3d4e5f6-a7b8-6c7d-0e9f-1a2b3c4d5e6f,2025-11-12,17:22:30,4.41
60a57865-6605-4971-ad78-f0a9d4923625,b2c3d4e5-f6a7-5b6c-9d8e-0f1a2b3c4d5e,2025-07-28,14:07:57,6.91
0b2f10ab-536c-4c80-b7e2-d97977d6fff8,e5f6a7b8-c9d0-8e9f-1a2b-3c4d5e6f7a8b,2026-07-21,13:38:55,5.62
dcd6c5b4-05e6-489d-b418-fbd8658ab595,a1b2c3d4-e5f6-4a5b-8c7d-9e0f1a2b3c4d,2025-01-29,15:32:24,3.5
c5c18795-30a0-431b-b9e5-259213bbbad0,a1b2c3d4-e5f6-4a5b-8c7d-9e0f1a2b3c4d,2026-08-06,02:18:32,5.95
ebe6aa02-0d8a-471e-ae8b-38bb074fe4aa,b2c3d4e5-f6a7-5b6c-9d8e-0f1a2b3c4d5e,2026-11-28,13:32:29,4.89
6f2306a3-96aa-49ad-bd8d-2777b89485f5,a1b2c3d4-e5f6-4a5b-8c7d-9e0f1a2b3c4d,2025-12-15,21:13:58,3.06
4a7a0f2f-5ad1-4d35-9b7d-442ca47dc285,c3d4e5f6-a7b8-6c7d-0e9f-1a2b3c4d5e6f,2026-05-05,09:55:16,5.57
ae4d2ecc-5ca5-4af6-bbf4-a8ebc2edcad5,e5f6a7b8-c9d0-8e9f-1a2b-3c4d5e6f7a8b,2025-05-29,08:28:59,4.59
a916627a-ac1b-41ce-87f1-231bd10a84a9,b2c3d4e5-f6a7-5b6c-9d8e-0f1a2b3c4d5e,2025-05-04,14:28:44,5.86
d246ba84-e4cb-448c-aa1e-6051c62c6873,e5f6a7b8-c9d0-8e9f-1a2b-3c4d5e6f7a8b,2026-10-20,19:31:37,4.32
cb31f8d8-2733-4863-afa4-959f9298d10e,e5f6a7b8-c9d0-8e9f-1a2b-3c4d5e6f7a8b,2025-05-19,10:47:05,4.7
96519c86-41c9-4f35-bd49-de2f88cd3323,e5f6a7b8-c9d0-8e9f-1a2b-3c4d5e6f7a8b,2025-06-20,20:20:10,5.6
33314a1d-c393-4c5a-84ee-c70624915d2b,b2c3d4e5-f6a7-5b6c-9d8e-0f1a2b3c4d5e,2025-01-20,01:10:24,6.99
53cb0c4e-4de5-4b61-989b-fafe76c8de8b,c3d4e5f6-a7b8-6c7d-0e9f-1a2b3c4d5e6f,2026-05-22,13:53:29,5.14
4f44ae34-22ba-4486-95e5-5d5659824e8b,b2c3d4e5-f6a7-5b6c-9d8e-0f1a2b3c4d5e,2026-03-29,13:50:14,5.59
c6269434-0dd5-4ff3-90cf-7f9f2a9409cc,c3d4e5f6-a7b8-6c7d-0e9f-1a2b3c4d5e6f,2026-03-02,17:24:51,3.35
b7a4a7f4-80b7-4045-96ae-108f72688df3,c3d4e5f6-a7b8-6c7d-0e9f-1a2b3c4d5e6f,2026-05-04,04:11:33,6.27
845256ee-625b-46a1-9955-60cee26703fd,c3d4e5f6-a7b8-6c7d-0e9f-1a2b3c4d5e6f,2025-02-26,07:06:35,6.05
23d25a23-296d-4577-80cb-438f1d719669,c3d4e5f6-a7b8-6c7d-0e9f-1a2b3c4d5e6f,2025-03-11,11:07:29,3.3
5b870fe3-03b6-43d7-bb1e-e78aee9249e5,d4e5f6a7-b8c9-7d8e-0f1a-2b3c4d5e6f7a,2026-04-24,06:18:47,3.79
35844287-0f12-435f-a01e-506cedde5adf,c3d4e5f6-a7b8-6c7d-0e9f-1a2b3c4d5e6f,2025-01-12,19:59:52,4.95
31a0e542-654f-4ba4-a033-2f0b60fa7267,a1b2c3d4-e5f6-4a5b-8c7d-9e0f1a2b3c4d,2026-09-12,13:22:27,5.93
4d17b739-3217-4415-9424-b07e61b61668,d4e5f6a7-b8c9-7d8e-0f1a-2b3c4d5e6f7a,2026-06-02,07:12:11,6.31
34893d2d-a879-4da8-a605-061c2da1fa25,a1b2c3d4-e5f6-4a5b-8c7d-9e0f1a2b3c4d,2026-01-20,02:12:18,5.93
5203ad0d-e12c-4e99-bb3b-00927b3d84df,e5f6a7b8-c9d0-8e9f-1a2b-3c4d5e6f7a8b,2026-04-28,10:16:06,3.76
7ae8d56f-35c6-47c4-a285-ed3d7888e3bb,a1b2c3d4-e5f6-4a5b-8c7d-9e0f1a2b3c4d,2025-03-10,03:48:16,3.02
512b8d13-fca5-48ee-ad15-07f5290a0b80,d4e5f6a7-b8c9-7d8e-0f1a-2b3c4d5e6f7a,2026-05-26,06:44:17,4.85
2a6bc8ae-a047-4665-81e2-493729296bf7,b2c3d4e5-f6a7-5b6c-9d8e-0f1a2b3c4d5e,2025-02-02,19:49:51,3.67
0091cc6c-d7ad-4a96-a23f-f118750cbf35,c3d4e5f6-a7b8-6c7d-0e9f-1a2b3c4d5e6f,2025-12-08,01:40:59,4.15
c2348697-318c-4d47-b54b-f644df19a35b,b2c3d4e5-f6a7-5b6c-9d8e-0f1a2b3c4d5e,2026-04-08,14:41:51,4.44
656ee9da-ed62-427f-b41c-33156c014e9a,e5f6a7b8-c9d0-8e9f-1a2b-3c4d5e6f7a8b,2026-09-22,14:59:51,3.02
76c1bf40-4c1b-4d22-83ad-e8ce4133cd6f,c3d4e5f6-a7b8-6c7d-0e9f-1a2b3c4d5e6f,2026-04-26,06:57:38,5.05
bbf1c89a-b0f3-4c7d-9b10-e0fa7bb22e45,a1b2c3d4-e5f6-4a5b-8c7d-9e0f1a2b3c4d,2025-01-15,13:10:47,5.26
f603ecc9-01fa-4660-9f53-5da7877b98c1,b2c3d4e5-f6a7-5b6c-9d8e-0f1a2b3c4d5e,2026-07-06,23:20:21,5.03
b4f71578-226b-4c4d-8c86-ee909ab3fc2b,c3d4e5f6-a7b8-6c7d-0e9f-1a2b3c4d5e6f,2026-06-04,15:49:40,4.26
37b9d997-f77e-4aa7-acec-1b5fb482cd37,c3d4e5f6-a7b8-6c7d-0e9f-1a2b3c4d5e6f,2025-01-17,03:49:49,3.31
99233f6e-f793-4ef3-9231-c676c605ccb7,d4e5f6a7-b8c9-7d8e-0f1a-2b3c4d5e6f7a,2025-06-26,06:37:26,6.84
65f20e5c-eaf0-4120-bb2f-8b6b1622c570,b2c3d4e5-f6a7-5b6c-9d8e-0f1a2b3c4d5e,2025-02-09,23:06:04,3.26
bc1f959b-ed95-4289-9a44-e2d23d7becae,d4e5f6a7-b8c9-7d8e-0f1a-2b3c4d5e6f7a,2026-12-29,06:06:40,5.44
29c2ffc8-4b23-49c3-9ac3-78a4f2f3a6e8,a1b2c3d4-e5f6-4a5b-8c7d-9e0f1a2b3c4d,2026-12-21,09:43:28,3.15
0919a61b-ca21-4ebe-a241-32eee06165fc,d4e5f6a7-b8c9-7d8e-0f1a-2b3c4d5e6f7a,2026-04-17,15:00:24,6.02
cca9d48a-eb13-4d11-9bba-64976a71d0ff,a1b2c3d4-e5f6-4a5b-8c7d-9e0f1a2b3c4d,2026-11-02,03:49:54,5.81
d569b884-1dbd-4706-80b5-07dc43f21d51,c3d4e5f6-a7b8-6c7d-0e9f-1a2b3c4d5e6f,2026-04-28,15:02:36,4.2
a9fa0dfd-6b8b-4210-aec8-af2c2ff95826,a1b2c3d4-e5f6-4a5b-8c7d-9e0f1a2b3c4d,2026-01-30,23:26:02,5.51
d9259269-24ee-47ca-9c2f-22619338019f,c3d4e5f6-a7b8-6c7d-0e9f-1a2b3c4d5e6f,2026-02-19,18:35:37,6.53
26375fb7-ab3d-4bfa-8431-08d829b081ee,b2c3d4e5-f6a7-5b6c-9d8e-0f1a2b3c4d5e,2026-12-14,07:18:15,5.88
5506db95-51b1-4828-aa2a-9950b0c174d2,a1b2c3d4-e5f6-4a5b-8c7d-9e0f1a2b3c4d,2026-12-18,11:08:50,3.2
39177503-00af-4b32-9aab-aa4f888ce136,a1b2c3d4-e5f6-4a5b-8c7d-9e0f1a2b3c4d,2026-02-17,09:04:24,4.48
f38ff9e5-834b-4c67-b12b-34e446da12d4,d4e5f6a7-b8c9-7d8e-0f1a-2b3c4d5e6f7a,2026-09-19,13:29:49,4.95
e8de83a2-32ec-4378-9f2d-1ba7ef4a034c,e5f6a7b8-c9d0-8e9f-1a2b-3c4d5e6f7a8b,2025-01-07,07:01:30,6.19
7f89c1f2-78e7-445c-9106-301cc055c897,b2c3d4e5-f6a7-5b6c-9d8e-0f1a2b3c4d5e,2025-12-06,23:49:12,4.09
2da6c378-0521-4070-ae8e-6044bad754a9,a1b2c3d4-e5f6-4a5b-8c7d-9e0f1a2b3c4d,2026-07-22,11:12:51,5.28
42c30933-c862-4390-9aa7-ecedb900c0ef,b2c3d4e5-f6a7-5b6c-9d8e-0f1a2b3c4d5e,2026-11-25,09:20:05,3.25
ad063895-9eac-4c36-b78c-a7983a92bffd,b2c3d4e5-f6a7-5b6c-9d8e-0f1a2b3c4d5e,2025-06-25,19:15:23,3.96
4fb4a0ac-93f6-4a8a-8509-4fc25812fcce,b2c3d4e5-f6a7-5b6c-9d8e-0f1a2b3c4d5e,2026-06-17,14:14:35,5.52
e36dba6c-c908-4b47-84fe-881844bdae61,d4e5f6a7-b8c9-7d8e-0f1a-2b3c4d5e6f7a,2025-06-22,09:24:15,3.23
7ca0332e-42b6-4c36-b5f7-882eb4779245,e5f6a7b8-c9d0-8e9f-1a2b-3c4d5e6f7a8b,2025-07-06,10:59:57,4.58
2842a408-df89-4563-af90-b6e44f3f566c,b2c3d4e5-f6a7-5b6c-9d8e-0f1a2b3c4d5e,2026-06-11,00:48:34,4.47
d71c32ee-31e0-4dac-9ea3-e9c64662f58b,b2c3d4e5-f6a7-5b6c-9d8e-0f1a2b3c4d5e,2025-01-10,09:02:48,3.74
675d110e-591e-4f54-833b-d01b212afe53,e5f6a7b8-c9d0-8e9f-1a2b-3c4d5e6f7a8b,2026-07-28,08:52:37,4.75
8caa9fb9-736f-4b05-bebb-571a55ea971c,a1b2c3d4-e5f6-4a5b-8c7d-9e0f1a2b3c4d,2025-03-24,14:47:35,3.91
2f936816-11c1-4fd2-85cd-36bb877b2d33,e5f6a7b8-c9d0-8e9f-1a2b-3c4d5e6f7a8b,2025-05-06,04:29:42,4.7
3fc9f257-7623-4be9-97ea-31654bbd8910,e5f6a7b8-c9d0-8e9f-1a2b-3c4d5e6f7a8b,2025-05-20,05:59:18,5.68
0f0b599f-70bf-4358-8bc7-8294340ec9d6,a1b2c3d4-e5f6-4a5b-8c7d-9e0f1a2b3c4d,2026-10-05,16:03:51,4.9
ad26cb30-b645-44db-bf49-8d844736c551,e5f6a7b8-c9d0-8e9f-1a2b-3c4d5e6f7a8b,2026-11-01,08:42:49,5.75
f4b7d8c7-de73-4ab3-a1ba-b7d3acaedcc7,b2c3d4e5-f6a7-5b6c-9d8e-0f1a2b3c4d5e,2026-04-13,22:24:18,3.4
ae6044ca-0375-422f-8538-ff4485a1462d,a1b2c3d4-e5f6-4a5b-8c7d-9e0f1a2b3c4d,2025-03-22,09:10:24,5.94
8e2efcb1-e434-4a35-83b4-9657363e99c7,e5f6a7b8-c9d0-8e9f-1a2b-3c4d5e6f7a8b,2025-07-25,10:05:51,3.72
dbd422cf-cbb0-459c-a58e-1600e19953c4,b2c3d4e5-f6a7-5b6c-9d8e-0f1a2b3c4d5e,2025-02-03,22:11:30,6.08
f86ecddd-c2f8-4b3c-988c-144e4b041b65,c3d4e5f6-a7b8-6c7d-0e9f-1a2b3c4d5e6f,2026-03-17,20:41:53,6.11
47c01ad1-0215-4ca2-9461-23b440489b25,d4e5f6a7-b8c9-7d8e-0f1a-2b3c4d5e6f7a,2026-11-26,12:20:57,6.6
f8c75416-8143-44f6-b1de-364b83811c76,e5f6a7b8-c9d0-8e9f-1a2b-3c4d5e6f7a8b,2026-08-14,04:58:36,3.15
